step,epoch,loss,eval_loss,eval_rmse_mean,eval_corr_woman,eval_mae_man,eval_runtime,eval_rmse_man,eval_rmse_nonbinary,eval_mae_nonbinary,eval_corr_mean,eval_mse_man,eval_steps_per_second,eval_corr_man,eval_mse_woman,eval_corr_nonbinary,eval_mse_nonbinary,eval_mae_woman,eval_samples_per_second,eval_rmse_woman,eval_mae_mean,eval_mse_mean,grad_norm,learning_rate
0,0.0,,0.03794876113533974,1.1690852642059326,-0.1955277936666021,0.8523707985877991,9.1414,1.0447081327438354,1.241280198097229,1.0682272911071777,-0.19390781194209475,1.0914150476455688,3.938,0.18980389488647406,1.4680899381637573,0.15252783883249071,1.5407764911651611,0.9686743021011353,30.849,1.211647629737854,0.963090717792511,1.366760492324829,,
1,0.012048192771084338,0.0516,,,,,,,,,,,,,,,,,,,,,1.5391680002212524,0.0
5,0.060240963855421686,0.0308,,,,,,,,,,,,,,,,,,,,,1.7189714908599854,3.2000000000000003e-06
10,0.12048192771084337,0.0494,,,,,,,,,,,,,,,,,,,,,4.125557899475098,7.2e-06
15,0.18072289156626506,0.0367,,,,,,,,,,,,,,,,,,,,,0.9376786351203918,1.1200000000000001e-05
20,0.24096385542168675,0.0387,,,,,,,,,,,,,,,,,,,,,3.0785629749298096,1.52e-05
25,0.30120481927710846,0.035,,,,,,,,,,,,,,,,,,,,,2.437884569168091,1.9200000000000003e-05
30,0.3614457831325301,0.0439,,,,,,,,,,,,,,,,,,,,,1.015793800354004,2.32e-05
35,0.42168674698795183,0.0442,,,,,,,,,,,,,,,,,,,,,3.313161611557007,2.7200000000000004e-05
40,0.4819277108433735,0.0302,0.03162495419383049,1.0672508478164673,-0.18936229272689392,0.9057251214981079,4.6227,1.1103107929229736,0.8068743348121643,0.6309290528297424,-0.10525719583492552,1.2327899932861328,7.788,0.19157954325327803,1.533237099647522,0.14013678190854678,0.6510462164878845,1.0046792030334473,61.003,1.2382395267486572,0.847111165523529,1.1390243768692017,2.031717538833618,3.12e-05
45,0.5421686746987951,0.0252,,,,,,,,,,,,,,,,,,,,,1.9849467277526855,3.52e-05
50,0.6024096385542169,0.0405,,,,,,,,,,,,,,,,,,,,,1.6097822189331055,3.9200000000000004e-05
55,0.6626506024096386,0.0303,,,,,,,,,,,,,,,,,,,,,1.6411112546920776,4.32e-05
60,0.7228915662650602,0.0284,,,,,,,,,,,,,,,,,,,,,0.851889431476593,4.72e-05
65,0.7831325301204819,0.0293,,,,,,,,,,,,,,,,,,,,,0.8949049115180969,5.1200000000000004e-05
70,0.8433734939759037,0.0367,,,,,,,,,,,,,,,,,,,,,2.5005414485931396,5.520000000000001e-05
75,0.9036144578313253,0.0363,,,,,,,,,,,,,,,,,,,,,0.48657500743865967,5.92e-05
80,0.963855421686747,0.0353,0.02504345029592514,0.9497103095054626,0.038992328687869844,0.8408750891685486,4.6617,1.0131312608718872,0.6464611291885376,0.49604663252830505,0.2957785988148838,1.0264350175857544,7.723,0.2262190278932717,1.2615019083023071,0.26501517209032543,0.41791200637817383,0.9128093123435974,60.493,1.1231659650802612,0.749910295009613,0.9019496440887451,1.0549657344818115,6.32e-05
85,1.0240963855421688,0.0214,,,,,,,,,,,,,,,,,,,,,1.2659320831298828,6.720000000000001e-05
90,1.0843373493975903,0.0307,,,,,,,,,,,,,,,,,,,,,0.6644206643104553,7.12e-05
95,1.144578313253012,0.0226,,,,,,,,,,,,,,,,,,,,,2.76625394821167,7.52e-05
100,1.2048192771084336,0.0224,,,,,,,,,,,,,,,,,,,,,0.8911017179489136,7.920000000000001e-05
105,1.2650602409638554,0.0355,,,,,,,,,,,,,,,,,,,,,1.2895704507827759,8.32e-05
110,1.3253012048192772,0.031,,,,,,,,,,,,,,,,,,,,,1.2271904945373535,8.72e-05
115,1.3855421686746987,0.0189,,,,,,,,,,,,,,,,,,,,,1.078492522239685,9.120000000000001e-05
120,1.4457831325301205,0.0294,0.02306235022842884,0.9113730788230896,0.36619032589454853,0.844984769821167,4.4822,1.0110846757888794,0.6363055109977722,0.488446444272995,0.3634724750919344,1.0222922563552856,8.032,0.14857277773766667,1.0646259784698486,0.4058248622637157,0.4048846960067749,0.8491562604904175,62.915,1.0318071842193604,0.7275291085243225,0.830600917339325,0.5825914144515991,9.52e-05
125,1.5060240963855422,0.0225,,,,,,,,,,,,,,,,,,,,,0.6410903930664062,9.92e-05
130,1.5662650602409638,0.0241,,,,,,,,,,,,,,,,,,,,,2.657052516937256,9.999685283773504e-05
135,1.6265060240963856,0.0174,,,,,,,,,,,,,,,,,,,,,1.3128423690795898,9.998406817003941e-05
140,1.6867469879518073,0.0281,,,,,,,,,,,,,,,,,,,,,0.6371657252311707,9.996145181203615e-05
145,1.7469879518072289,0.0274,,,,,,,,,,,,,,,,,,,,,0.7351559400558472,9.992900821228332e-05
150,1.8072289156626506,0.0333,,,,,,,,,,,,,,,,,,,,,3.219742774963379,9.98867437523228e-05
155,1.8674698795180724,0.0366,,,,,,,,,,,,,,,,,,,,,1.1802241802215576,9.983466674542515e-05
160,1.927710843373494,0.0189,0.02086355723440647,0.8667939901351929,0.5291763121975024,0.8187777996063232,4.4275,0.9850574135780334,0.5972049832344055,0.46012014150619507,0.46233586099623697,0.9703381061553955,8.131,0.22931238113508431,0.9270039200782776,0.41965389317371066,0.35665377974510193,0.7847625017166138,63.693,0.9628104567527771,0.6878867745399475,0.7513318657875061,1.813275694847107,9.977278743495434e-05
165,1.9879518072289155,0.0209,,,,,,,,,,,,,,,,,,,,,4.626862525939941,9.970111799235298e-05
170,2.0481927710843375,0.0544,,,,,,,,,,,,,,,,,,,,,6.596320629119873,9.961967251474822e-05
175,2.108433734939759,0.0213,,,,,,,,,,,,,,,,,,,,,0.7232372164726257,9.952846702217886e-05
180,2.1686746987951806,0.0236,,,,,,,,,,,,,,,,,,,,,1.6726298332214355,9.942751945444438e-05
185,2.2289156626506026,0.0197,,,,,,,,,,,,,,,,,,,,,3.5950257778167725,9.931684966757604e-05
190,2.289156626506024,0.0228,,,,,,,,,,,,,,,,,,,,,2.7671120166778564,9.919647942993148e-05
195,2.3493975903614457,0.0172,,,,,,,,,,,,,,,,,,,,,1.3600037097930908,9.906643241791287e-05
200,2.4096385542168672,0.0232,0.01840285398066044,0.8139970898628235,0.6548840546192406,0.7597703337669373,4.1286,0.9349100589752197,0.561676561832428,0.42471447587013245,0.6065738850139999,0.8740568161010742,8.72,0.5076476203906418,0.7982364296913147,0.537980632480523,0.3154805600643158,0.7453761696815491,68.305,0.8934407830238342,0.643286943435669,0.662591278553009,0.48614275455474854,9.892673421130979e-05
205,2.4698795180722892,0.0179,,,,,,,,,,,,,,,,,,,,,1.211943507194519,9.877741228826785e-05
210,2.5301204819277108,0.0198,,,,,,,,,,,,,,,,,,,,,1.8445196151733398,9.861849601988383e-05
215,2.5903614457831328,0.0155,,,,,,,,,,,,,,,,,,,,,1.0949207544326782,9.84500166644285e-05
220,2.6506024096385543,0.0101,,,,,,,,,,,,,,,,,,,,,0.5631516575813293,9.827200736119816e-05
225,2.710843373493976,0.0128,,,,,,,,,,,,,,,,,,,,,1.4776724576950073,9.80845031239963e-05
230,2.7710843373493974,0.0155,,,,,,,,,,,,,,,,,,,,,0.9481357932090759,9.788754083424652e-05
235,2.8313253012048194,0.0157,,,,,,,,,,,,,,,,,,,,,1.8682010173797607,9.768115923373811e-05
240,2.891566265060241,0.0186,0.014678464271128178,0.7268771529197693,0.7461903279135613,0.6209788918495178,4.1748,0.7642781138420105,0.6344512104988098,0.5034508109092712,0.6781818075475904,0.58412104845047,8.623,0.690213333411741,0.5984016060829163,0.5700592266049246,0.402528315782547,0.6470877528190613,67.547,0.7735642194747925,0.590505838394165,0.5283503532409668,1.0874260663986206,9.746539891700556e-05
245,2.9518072289156625,0.0114,,,,,,,,,,,,,,,,,,,,,0.9973471164703369,9.724030232334391e-05
250,3.0120481927710845,0.0107,,,,,,,,,,,,,,,,,,,,,0.7903268933296204,9.700591372846095e-05
255,3.072289156626506,0.0084,,,,,,,,,,,,,,,,,,,,,0.6492654085159302,9.676227923576848e-05
260,3.1325301204819276,0.0115,,,,,,,,,,,,,,,,,,,,,0.46901214122772217,9.650944676731381e-05
265,3.1927710843373496,0.0097,,,,,,,,,,,,,,,,,,,,,1.9270730018615723,9.624746605435373e-05
270,3.253012048192771,0.0103,,,,,,,,,,,,,,,,,,,,,3.489982843399048,9.597638862757255e-05
275,3.3132530120481927,0.0129,,,,,,,,,,,,,,,,,,,,,0.4941461980342865,9.569626780694611e-05
280,3.3734939759036147,0.0114,0.016638563945889473,0.7737353444099426,0.7971215954721472,0.7799013257026672,4.1045,0.9675147533416748,0.5487357378005981,0.4383794367313385,0.683181773616012,0.9360848069190979,8.771,0.6832643971413709,0.558803379535675,0.5649857422898422,0.3011108934879303,0.6147404313087463,68.705,0.747531533241272,0.6110070943832397,0.5986663699150085,1.1820025444030762,9.540715869125407e-05
285,3.433734939759036,0.0091,,,,,,,,,,,,,,,,,,,,,1.3774632215499878,9.510911814724207e-05
290,3.4939759036144578,0.0076,,,,,,,,,,,,,,,,,,,,,1.337531328201294,9.480220479843627e-05
295,3.5542168674698793,0.0094,,,,,,,,,,,,,,,,,,,,,0.6731600165367126,9.448647901361228e-05
300,3.6144578313253013,0.008,,,,,,,,,,,,,,,,,,,,,1.7901860475540161,9.416200289492091e-05
305,3.674698795180723,0.0075,,,,,,,,,,,,,,,,,,,,,0.5136897563934326,9.382884026567285e-05
310,3.734939759036145,0.0069,,,,,,,,,,,,,,,,,,,,,0.32309332489967346,9.348705665778478e-05
315,3.7951807228915664,0.008,,,,,,,,,,,,,,,,,,,,,0.5591949820518494,9.31367192988896e-05
320,3.855421686746988,0.0161,0.011966165155172348,0.6561867594718933,0.7992464814542406,0.5629002451896667,4.239,0.7182973027229309,0.5495097637176514,0.4325874447822571,0.752309336583174,0.5159509778022766,8.493,0.7323087162683786,0.4738311767578125,0.5709968422437242,0.3019609749317169,0.5664401650428772,66.525,0.688353955745697,0.5206426382064819,0.43058106303215027,1.3378578424453735,9.277789709911291e-05
325,3.9156626506024095,0.0125,,,,,,,,,,,,,,,,,,,,,2.001336097717285,9.241066063751868e-05
330,3.9759036144578315,0.0132,,,,,,,,,,,,,,,,,,,,,0.8244408965110779,9.203508214822652e-05
335,4.036144578313253,0.0075,,,,,,,,,,,,,,,,,,,,,1.4153956174850464,9.165123550620356e-05
340,4.096385542168675,0.0044,,,,,,,,,,,,,,,,,,,,,0.5322859883308411,9.125919621273348e-05
345,4.156626506024097,0.0062,,,,,,,,,,,,,,,,,,,,,0.6454918384552002,9.085904138056566e-05
350,4.216867469879518,0.0083,,,,,,,,,,,,,,,,,,,,,0.8927226066589355,9.045084971874738e-05
355,4.27710843373494,0.0049,,,,,,,,,,,,,,,,,,,,,0.577858567237854,9.003470151714202e-05
360,4.337349397590361,0.0065,0.011087698861956596,0.6314671635627747,0.8066778137138982,0.5595211982727051,4.1931,0.6956080794334412,0.5344117283821106,0.422311931848526,0.7648268616524457,0.48387056589126587,8.586,0.7189641434518473,0.42678600549697876,0.5928468826089298,0.2855958640575409,0.5278778672218323,67.254,0.6532886028289795,0.5032370090484619,0.39875081181526184,0.5088905692100525,8.961067863063638e-05
365,4.397590361445783,0.0047,,,,,,,,,,,,,,,,,,,,,0.2944302260875702,8.917886446304e-05
370,4.457831325301205,0.0095,,,,,,,,,,,,,,,,,,,,,0.678499162197113,8.873934395068005e-05
375,4.518072289156627,0.0066,,,,,,,,,,,,,,,,,,,,,0.23849882185459137,8.829220354569457e-05
380,4.578313253012048,0.0052,,,,,,,,,,,,,,,,,,,,,1.9239333868026733,8.783753119902766e-05
385,4.63855421686747,0.0078,,,,,,,,,,,,,,,,,,,,,1.0255227088928223,8.737541634312985e-05
390,4.698795180722891,0.005,,,,,,,,,,,,,,,,,,,,,0.5453445315361023,8.690594987436704e-05
395,4.759036144578313,0.005,,,,,,,,,,,,,,,,,,,,,0.642344057559967,8.642922413514151e-05
400,4.8192771084337345,0.0036,0.011690783314406872,0.6484573483467102,0.8099805292755016,0.5566397309303284,4.7633,0.7014642357826233,0.5784696936607361,0.4509935975074768,0.7500639793688829,0.4920520782470703,7.558,0.7464321568731794,0.4348115622997284,0.6100998704786352,0.3346271812915802,0.5192077159881592,59.203,0.6594024300575256,0.5089470744132996,0.42049694061279297,0.42631223797798157,8.594533289572853e-05
405,4.879518072289157,0.0047,,,,,,,,,,,,,,,,,,,,,0.5451548099517822,8.545437133583196e-05
410,4.9397590361445785,0.0061,,,,,,,,,,,,,,,,,,,,,1.1659574508666992,8.495643602586287e-05
415,5.0,0.0058,,,,,,,,,,,,,,,,,,,,,0.32790783047676086,8.445162490794446e-05
420,5.0602409638554215,0.0038,,,,,,,,,,,,,,,,,,,,,0.21665997803211212,8.39400372766471e-05
425,5.120481927710843,0.003,,,,,,,,,,,,,,,,,,,,,0.732695996761322,8.34217737594575e-05
430,5.180722891566265,0.0022,,,,,,,,,,,,,,,,,,,,,0.19039660692214966,8.289693629698564e-05
435,5.240963855421687,0.0033,,,,,,,,,,,,,,,,,,,,,0.6686749458312988,8.236562812291342e-05
440,5.301204819277109,0.0032,0.011482895351946354,0.6426518559455872,0.7998237729496223,0.5452362895011902,4.4392,0.6854302883148193,0.5592831373214722,0.4303668737411499,0.7564320701798237,0.4698147177696228,8.109,0.7487799829383367,0.456391841173172,0.5874801533160547,0.3127976357936859,0.5249980688095093,63.524,0.6755678057670593,0.5002003908157349,0.4130013883113861,0.4863377809524536,8.182795374368893e-05
445,5.36144578313253,0.0038,,,,,,,,,,,,,,,,,,,,,0.14281275868415833,8.12840189179704e-05
450,5.421686746987952,0.0028,,,,,,,,,,,,,,,,,,,,,0.4387331008911133,8.073393063582386e-05
455,5.481927710843373,0.0033,,,,,,,,,,,,,,,,,,,,,0.31181544065475464,8.017779709767858e-05
460,5.542168674698795,0.0029,,,,,,,,,,,,,,,,,,,,,0.32536429166793823,7.961572769304437e-05
465,5.602409638554217,0.0053,,,,,,,,,,,,,,,,,,,,,1.0488619804382324,7.904783297899514e-05
470,5.662650602409639,0.0022,,,,,,,,,,,,,,,,,,,,,0.6229034662246704,7.84742246584226e-05
475,5.72289156626506,0.0042,,,,,,,,,,,,,,,,,,,,,0.7402464151382446,7.789501555806484e-05
480,5.783132530120482,0.0067,0.011323662474751472,0.6382206082344055,0.7893549468502389,0.5452694296836853,4.4787,0.6796908378601074,0.5328473448753357,0.413156658411026,0.7581394065110634,0.4619796574115753,8.038,0.7463271856187457,0.47607073187828064,0.6051809949305206,0.2839262783527374,0.5392009019851685,62.964,0.6899787783622742,0.49920904636383057,0.40732553601264954,2.221632242202759,7.731031960631355e-05
