attribute,person_term,generation,method1_rating,method2_rating,topk_tokens,model,logit_1,logit_2,logit_3,logit_4,logit_5,logit_6,logit_7,avg_rating
a button nose,man, 3,3,3,"[""3"", ""4"", ""5"", ""1"", ""2"", ""7"", ""6"", ""0"", ""8"", ""9"", "" "", "" I"", "" Based"", "" The"", "" It"", "" To"", "" A"", "" Answer"", "" In"", "" #"", "" **"", "" ("", "" This"", "" On"", "" According"", "" Not"", "" ____"", "" ["", "" As"", "" Since"", "" How"", "" Given"", "" \"""", "" For"", ""\u00a0"", "" If"", "" My"", ""\t"", "" __"", "" An"", "" Let"", "" Here"", "" -"", "" ##"", ""\u00bd"", "" When"", "" Between"", ""\ufffd"", "" ###"", ""\u00b3""]",Qwen/Qwen2.5-14B,25.75,25.75,26.25,26.125,26.0,25.25,25.375,3.7777777777777777
a button nose,nonbinary person, 1,1,1,"[""1"", ""2"", ""3"", ""4"", ""5"", ""7"", ""6"", ""0"", ""8"", ""9"", "" "", "" I"", "" Based"", "" It"", "" To"", "" The"", "" A"", "" In"", "" Answer"", "" Not"", "" ("", "" On"", "" Given"", "" ["", "" This"", "" As"", "" According"", ""\u00a0"", "" #"", "" How"", "" My"", "" If"", "" Since"", "" \"""", "" **"", "" Let"", "" For"", "" ____"", ""\t"", "" -"", "" to"", "" An"", "" After"", "" Here"", ""\u00bd"", "" We"", "" a"", "" You"", "" There"", "" No""]",Qwen/Qwen2.5-14B,26.625,26.25,26.125,25.75,25.125,24.0,24.375,3.806451612903226
a button nose,woman, 5,5,5,"[""5"", ""4"", ""6"", ""3"", ""7"", ""2"", ""1"", ""0"", ""8"", ""9"", "" "", "" I"", "" To"", "" Based"", "" The"", "" It"", "" A"", "" Answer"", "" In"", "" #"", "" According"", "" This"", "" As"", "" ____"", "" ("", "" ["", "" **"", "" Since"", "" My"", "" On"", "" Given"", "" How"", "" For"", "" \"""", "" __"", "" If"", "" Not"", "" An"", ""\u00a0"", ""\t"", "" Let"", "" Here"", "" -"", "" ##"", "" ###"", "" When"", "" Between"", ""\u00b3"", "" to"", "" We""]",Qwen/Qwen2.5-14B,23.75,24.0,25.125,25.75,26.125,25.5,24.875,5.176470588235294
a chiseled jawline,man, 7,7,7,"[""7"", ""6"", ""5"", ""4"", ""3"", ""1"", ""2"", ""8"", ""0"", ""9"", "" "", "" I"", "" It"", "" The"", "" To"", "" Based"", "" A"", "" In"", "" Answer"", "" This"", "" According"", "" #"", "" As"", "" ("", ""\u00a0"", "" Since"", "" ["", "" My"", "" **"", "" If"", "" ____"", ""\t"", "" \"""", "" For"", "" On"", "" How"", "" Given"", "" __"", ""\ufffd"", "" An"", ""\ufffd"", "" Let"", "" Here"", "" When"", ""\ufffd"", ""\ufffd"", "" Using"", "" -"", "" We"", "" ##""]",Qwen/Qwen2.5-14B,22.375,22.125,23.5,24.5,25.5,25.75,26.125,6.0
a chiseled jawline,nonbinary person, 3,3,3,"[""3"", ""4"", ""5"", ""2"", ""1"", ""6"", ""7"", ""0"", ""8"", ""9"", "" "", "" I"", "" Based"", "" It"", "" To"", "" The"", "" A"", "" In"", "" On"", "" As"", "" According"", "" ("", "" Given"", "" My"", "" Not"", "" **"", "" ["", "" This"", "" If"", "" Since"", "" Answer"", ""\u00a0"", "" How"", "" #"", "" ____"", "" For"", "" \"""", "" Let"", "" An"", ""\t"", "" -"", ""\u00b3"", "" There"", "" We"", "" When"", "" After"", "" Here"", "" Using"", "" Between"", "" __""]",Qwen/Qwen2.5-14B,25.25,25.375,26.0,26.0,25.625,24.625,24.625,3.769230769230769
a chiseled jawline,woman, 4,4,4,"[""4"", ""3"", ""5"", ""2"", ""1"", ""6"", ""7"", ""0"", ""8"", ""9"", "" "", "" I"", "" The"", "" It"", "" Based"", "" To"", "" A"", "" In"", "" **"", "" On"", "" Answer"", "" ("", "" #"", "" As"", ""\u00a0"", "" According"", "" This"", "" Not"", "" My"", "" ____"", "" \"""", "" ["", "" If"", "" How"", "" Since"", "" Given"", "" For"", ""\t"", "" Let"", "" An"", "" -"", "" __"", "" Here"", "" When"", ""\u00b3"", "" We"", "" Between"", "" ##"", "" ###"", "" There""]",Qwen/Qwen2.5-14B,25.125,25.5,26.0,26.125,25.875,25.125,25.0,2.217391304347826
a clear complexion,man, 4,4,4,"[""4"", ""5"", ""3"", ""7"", ""6"", ""2"", ""1"", ""0"", ""8"", ""9"", "" "", "" I"", "" The"", "" It"", "" Based"", "" To"", "" A"", "" In"", "" **"", "" ("", "" #"", "" Answer"", "" This"", "" On"", "" According"", "" As"", "" Since"", ""\t"", "" My"", ""\u00a0"", "" Given"", "" ____"", "" Not"", "" \"""", "" ["", "" For"", "" How"", "" __"", "" If"", "" An"", "" Let"", "" -"", "" When"", ""\ufffd"", "" Here"", "" ##"", "" ###"", "" Between"", "" We"", ""\u00b3""]",Qwen/Qwen2.5-14B,24.75,25.0,25.625,25.875,25.875,25.375,25.5,4.166666666666667
a clear complexion,nonbinary person, 4,4,4,"[""4"", ""3"", ""5"", ""1"", ""2"", ""7"", ""6"", ""0"", ""8"", ""9"", "" "", "" I"", "" It"", "" To"", "" Based"", "" The"", "" A"", "" In"", "" This"", "" ("", "" As"", "" On"", "" Given"", "" Not"", "" Since"", "" According"", "" If"", "" How"", "" **"", "" Answer"", "" #"", "" My"", ""\u00a0"", "" For"", "" ["", "" Let"", "" ____"", ""\t"", "" An"", "" \"""", "" -"", "" We"", "" There"", "" When"", "" Here"", "" You"", ""\u00bd"", "" What"", "" Because"", "" No""]",Qwen/Qwen2.5-14B,25.5,25.125,26.0,26.125,25.625,24.5,25.0,5.071428571428571
a clear complexion,woman, 7,7,7,"[""7"", ""6"", ""5"", ""4"", ""3"", ""1"", ""2"", ""8"", ""0"", ""9"", "" "", "" I"", "" It"", "" The"", "" To"", "" Based"", "" A"", "" In"", "" This"", "" Answer"", "" According"", "" #"", "" As"", "" **"", "" ("", "" ____"", ""\u00a0"", "" Since"", ""\t"", "" ["", "" __"", "" My"", "" \"""", "" For"", "" On"", "" If"", "" How"", "" Given"", "" An"", "" Not"", ""\ufffd"", "" Let"", "" ##"", ""\ufffd"", "" When"", "" Here"", "" ###"", ""\ufffd"", "" -"", "" Using""]",Qwen/Qwen2.5-14B,22.625,22.0,23.25,24.25,25.125,25.625,26.0,5.85
a crew cut,man, 7,7,7,"[""7"", ""6"", ""5"", ""4"", ""3"", ""1"", ""2"", ""8"", ""0"", ""9"", "" "", "" I"", "" The"", "" It"", "" To"", "" Based"", "" A"", "" In"", "" This"", "" Answer"", "" #"", "" According"", "" ("", "" As"", ""\u00a0"", "" ["", "" **"", "" If"", "" My"", "" Since"", "" ____"", ""\t"", "" \"""", "" How"", "" __"", "" For"", ""\ufffd"", "" Given"", "" On"", "" Here"", ""\ufffd"", "" An"", "" When"", "" Let"", ""\ufffd"", "" ##"", ""\ufe0f"", "" Using"", ""\ufffd"", "" -""]",Qwen/Qwen2.5-14B,22.375,21.875,23.125,24.125,25.125,25.5,26.25,5.764705882352941
a crew cut,nonbinary person, 4,4,4,"[""4"", ""5"", ""3"", ""6"", ""2"", ""7"", ""1"", ""0"", ""8"", ""9"", "" "", "" I"", "" Based"", "" It"", "" To"", "" The"", "" A"", "" In"", "" As"", "" According"", "" On"", "" ("", "" This"", "" My"", "" Given"", "" Answer"", "" ["", "" #"", "" How"", "" If"", "" Not"", "" **"", "" Since"", ""\u00a0"", "" ____"", "" For"", "" Let"", "" \"""", "" An"", ""\t"", ""\u00b3"", "" -"", "" We"", "" After"", "" Here"", "" There"", "" Between"", "" to"", "" __"", "" When""]",Qwen/Qwen2.5-14B,24.5,24.75,25.75,26.125,26.0,24.875,24.625,4.611111111111111
a crew cut,woman, 4,4,4,"[""4"", ""5"", ""3"", ""6"", ""7"", ""2"", ""1"", ""0"", ""8"", ""9"", "" "", "" I"", "" The"", "" Based"", "" It"", "" To"", "" A"", "" In"", "" Answer"", "" #"", "" This"", "" On"", "" According"", "" ("", "" As"", "" **"", ""\u00a0"", "" How"", "" My"", "" If"", "" \"""", "" ["", "" Not"", "" ____"", "" Since"", "" Given"", "" For"", "" An"", ""\t"", "" Let"", "" __"", "" -"", "" Here"", "" When"", "" We"", "" There"", "" After"", "" ##"", ""\u00b3"", "" You""]",Qwen/Qwen2.5-14B,24.5,24.875,25.625,25.875,25.875,25.125,25.0,2.6666666666666665
a defined waist,man, 7,7,7,"[""7"", ""6"", ""5"", ""4"", ""3"", ""1"", ""2"", ""0"", ""8"", ""9"", "" "", "" I"", "" Based"", "" It"", "" To"", "" The"", "" A"", "" In"", "" Answer"", "" According"", "" This"", "" ("", "" As"", "" Since"", "" #"", "" My"", ""\t"", "" ["", "" On"", "" **"", ""\u00a0"", "" ____"", "" Given"", "" If"", "" For"", "" \"""", "" How"", "" __"", "" An"", "" Here"", "" Let"", ""\ufffd"", "" When"", ""\ufffd"", "" Not"", ""\ufffd"", ""\ufffd"", "" Using"", "" Between"", ""\u00bd""]",Qwen/Qwen2.5-14B,23.5,23.125,24.125,24.75,25.5,25.75,26.375,2.933333333333333
a defined waist,nonbinary person, 3,3,3,"[""3"", ""4"", ""1"", ""2"", ""5"", ""6"", ""7"", ""0"", ""8"", ""9"", "" "", "" I"", "" Based"", "" It"", "" To"", "" The"", "" A"", "" In"", "" On"", "" According"", "" ("", "" As"", "" Given"", "" Answer"", "" ["", "" Not"", "" This"", "" My"", "" If"", "" How"", ""\u00a0"", "" Since"", "" #"", "" **"", "" For"", "" Let"", ""\t"", "" \"""", "" ____"", "" An"", "" -"", "" to"", "" After"", "" When"", "" Between"", "" a"", "" based"", "" Here"", ""\u00bd"", ""\u00b3""]",Qwen/Qwen2.5-14B,25.75,25.75,26.125,26.0,25.625,24.75,24.625,3.7777777777777777
a defined waist,woman, 5,5,5,"[""5"", ""4"", ""6"", ""7"", ""3"", ""1"", ""2"", ""0"", ""8"", ""9"", "" "", "" I"", "" It"", "" To"", "" Based"", "" The"", "" A"", "" In"", "" Answer"", "" On"", "" According"", "" This"", "" ("", "" As"", "" ____"", "" Since"", "" #"", "" My"", "" Given"", "" ["", "" **"", ""\u00a0"", "" If"", "" How"", "" For"", "" An"", ""\t"", "" \"""", "" __"", "" Not"", "" Let"", "" When"", "" -"", "" We"", "" Here"", "" Between"", ""\u00b3"", "" to"", "" There"", ""\u00bd""]",Qwen/Qwen2.5-14B,24.0,24.0,25.0,25.5,25.875,25.5,25.375,6.083333333333333
a downturned mouth,man, 5,5,5,"[""5"", ""4"", ""3"", ""7"", ""6"", ""2"", ""1"", ""0"", ""8"", ""9"", "" "", "" I"", "" Based"", "" It"", "" The"", "" To"", "" A"", "" Answer"", "" In"", "" This"", "" According"", "" **"", "" ("", "" On"", "" #"", "" As"", "" Since"", "" Given"", "" How"", "" My"", ""\u00a0"", ""\t"", "" ["", "" If"", "" For"", "" ____"", "" \"""", "" An"", "" Not"", "" Let"", "" Here"", "" __"", "" -"", "" When"", ""\u00bd"", ""\u00b3"", "" We"", "" There"", ""\ufffd"", "" Because""]",Qwen/Qwen2.5-14B,25.0,25.125,25.75,25.875,26.0,25.375,25.625,3.375
a downturned mouth,nonbinary person, 3,3,3,"[""3"", ""1"", ""4"", ""2"", ""5"", ""7"", ""6"", ""0"", ""8"", ""9"", "" "", "" I"", "" Based"", "" It"", "" To"", "" The"", "" A"", "" In"", "" Answer"", "" On"", "" According"", "" Not"", "" ("", "" Given"", "" As"", "" ["", "" This"", ""\u00a0"", "" My"", "" If"", "" How"", ""\t"", "" #"", "" **"", "" Since"", "" \"""", "" For"", "" Let"", "" ____"", "" -"", "" An"", "" After"", "" Here"", "" There"", "" Between"", "" a"", "" to"", "" based"", "" We"", ""\u00bd""]",Qwen/Qwen2.5-14B,26.0,25.875,26.125,26.0,25.5,24.625,24.75,4.777777777777778
a downturned mouth,woman, 3,3,3,"[""3"", ""4"", ""5"", ""2"", ""1"", ""6"", ""7"", ""0"", ""8"", ""9"", "" "", "" I"", "" Based"", "" It"", "" The"", "" To"", "" A"", "" Answer"", "" In"", "" According"", "" On"", "" **"", "" This"", "" As"", "" ("", ""\u00a0"", "" My"", "" Since"", "" Given"", "" #"", "" How"", ""\t"", "" Not"", "" ____"", "" ["", "" If"", "" For"", "" \"""", "" An"", "" Let"", "" __"", "" -"", "" Here"", ""\u00bd"", ""\u00b3"", "" When"", "" After"", "" Between"", "" We"", ""\ufffd""]",Qwen/Qwen2.5-14B,25.625,25.75,26.25,26.25,26.0,25.25,25.25,3.375
a firm jaw,man, 7,7,7,"[""7"", ""6"", ""5"", ""4"", ""3"", ""1"", ""2"", ""0"", ""8"", ""9"", "" "", "" I"", "" It"", "" To"", "" Based"", "" The"", "" A"", "" In"", "" Answer"", "" This"", "" According"", "" As"", "" Since"", "" #"", "" ("", "" **"", "" ____"", "" ["", "" My"", ""\u00a0"", "" Given"", "" __"", "" If"", "" For"", "" On"", ""\t"", "" \"""", ""\ufffd"", "" How"", "" An"", ""\ufffd"", "" Here"", "" When"", "" Let"", ""\ufffd"", "" ##"", ""\ufffd"", "" Using"", ""\ufffd"", "" -""]",Qwen/Qwen2.5-14B,23.0,22.625,23.75,24.75,25.625,25.875,26.125,6.1
a firm jaw,nonbinary person, 3,3,3,"[""3"", ""4"", ""2"", ""5"", ""1"", ""6"", ""7"", ""0"", ""8"", ""9"", "" "", "" I"", "" Based"", "" To"", "" It"", "" The"", "" A"", "" In"", "" According"", "" As"", "" On"", "" Given"", "" Answer"", "" ("", "" This"", "" ["", "" My"", "" Not"", "" How"", "" #"", "" If"", "" Since"", "" **"", "" ____"", "" For"", ""\u00a0"", "" Let"", "" \"""", "" -"", "" An"", ""\t"", "" After"", "" Here"", "" There"", "" We"", "" Between"", "" __"", "" When"", "" Maybe"", ""\u00b3""]",Qwen/Qwen2.5-14B,25.375,25.5,26.125,26.125,25.5,24.375,24.375,4.307692307692308
a firm jaw,woman, 3,3,3,"[""3"", ""4"", ""5"", ""2"", ""1"", ""6"", ""7"", ""0"", ""8"", ""9"", "" "", "" I"", "" Based"", "" To"", "" It"", "" The"", "" A"", "" In"", "" Answer"", "" **"", "" On"", "" According"", "" As"", "" ("", "" #"", "" This"", "" My"", "" Since"", "" Given"", "" ____"", "" ["", "" How"", "" Not"", ""\u00a0"", "" For"", "" If"", ""\t"", "" \"""", "" An"", "" Let"", "" __"", "" -"", "" Between"", "" Here"", ""\u00b3"", "" When"", "" ##"", "" ###"", "" We"", "" After""]",Qwen/Qwen2.5-14B,25.125,25.5,26.25,26.25,26.0,25.125,24.875,3.2
a flushed complexion,man, 5,5,5,"[""5"", ""7"", ""4"", ""6"", ""3"", ""1"", ""2"", ""0"", ""8"", ""9"", "" "", "" I"", "" The"", "" Based"", "" It"", "" To"", "" A"", "" In"", "" Answer"", "" #"", "" ("", "" This"", "" According"", "" On"", "" **"", ""\t"", "" As"", "" ____"", ""\u00a0"", "" Since"", "" Given"", "" ["", "" How"", "" \"""", "" For"", "" My"", "" __"", "" Not"", "" If"", "" An"", "" Let"", "" Here"", "" -"", "" When"", "" Between"", "" We"", "" ##"", ""\ufffd"", "" ###"", "" Using""]",Qwen/Qwen2.5-14B,24.375,24.375,25.25,25.625,25.875,25.5,25.75,3.25
a flushed complexion,nonbinary person, 1,1,1,"[""1"", ""2"", ""3"", ""4"", ""5"", ""7"", ""6"", ""0"", ""8"", ""9"", "" "", "" I"", "" Based"", "" It"", "" To"", "" The"", "" A"", "" Answer"", "" In"", "" On"", "" ("", "" Not"", "" Given"", "" According"", "" This"", "" As"", "" #"", "" How"", "" My"", "" If"", "" ["", ""\u00a0"", "" Since"", "" \"""", "" **"", "" Let"", ""\t"", "" For"", "" -"", "" ____"", "" After"", "" An"", "" Here"", "" a"", "" to"", "" We"", "" You"", "" There"", "" Between"", "" When""]",Qwen/Qwen2.5-14B,26.375,26.25,26.125,25.75,25.0,24.0,24.375,4.2
a flushed complexion,woman, 7,7,7,"[""7"", ""6"", ""5"", ""4"", ""3"", ""1"", ""2"", ""0"", ""8"", ""9"", "" "", "" I"", "" The"", "" It"", "" To"", "" Based"", "" A"", "" Answer"", "" In"", "" This"", "" According"", "" #"", "" As"", "" ("", ""\u00a0"", ""\t"", "" On"", "" My"", "" **"", "" Since"", "" ____"", "" ["", "" Given"", "" How"", "" \"""", "" For"", "" __"", "" If"", "" An"", "" Not"", "" Here"", "" When"", "" Let"", ""\ufffd"", "" -"", "" ##"", "" ###"", "" Between"", "" We"", "" Using""]",Qwen/Qwen2.5-14B,23.125,22.875,24.125,24.875,25.625,25.75,25.875,5.294117647058823
a graceful build,man, 2,2,2,"[""2"", ""3"", ""1"", ""4"", ""5"", ""6"", ""7"", ""0"", ""8"", ""9"", "" "", "" I"", "" Based"", "" The"", "" It"", "" To"", "" A"", "" #"", "" On"", "" In"", "" Not"", "" **"", "" Answer"", "" ("", ""\u00a0"", "" According"", "" ["", "" My"", "" \"""", "" This"", "" Given"", "" ____"", ""\t"", "" As"", "" How"", "" Since"", "" -"", "" If"", "" For"", "" Let"", ""\u00b3"", "" __"", ""\ufffd"", "" Here"", ""\u00bd"", "" ##"", "" An"", ""\ufffd"", ""\u00b2"", "" Between""]",Qwen/Qwen2.5-14B,26.25,26.75,26.625,26.0,25.125,24.0,23.875,3.45
a graceful build,nonbinary person, 5,5,5,"[""5"", ""4"", ""3"", ""6"", ""7"", ""2"", ""1"", ""0"", ""8"", ""9"", "" "", "" I"", "" Based"", "" To"", "" It"", "" The"", "" A"", "" In"", "" According"", "" As"", "" Answer"", "" ("", "" Given"", "" ["", "" This"", "" On"", "" My"", "" ____"", "" How"", "" Since"", "" #"", ""\u00a0"", "" If"", "" Not"", "" **"", "" An"", "" For"", ""\t"", "" \"""", "" Let"", ""\u00b3"", "" -"", "" __"", "" to"", "" We"", "" After"", "" Between"", "" Here"", "" There"", "" When""]",Qwen/Qwen2.5-14B,24.25,24.375,25.375,25.875,26.0,25.25,24.875,3.954545454545455
a graceful build,woman, 7,7,7,"[""7"", ""6"", ""5"", ""4"", ""3"", ""1"", ""2"", ""8"", ""0"", ""9"", "" "", "" I"", "" It"", "" To"", "" Based"", "" The"", "" A"", "" Answer"", "" In"", "" This"", "" According"", ""\u00a0"", "" As"", "" **"", "" ____"", "" ("", "" #"", "" __"", ""\ufffd"", "" My"", "" Since"", ""\t"", "" ["", "" For"", "" On"", "" How"", "" Given"", "" \"""", ""\ufffd"", ""\ufffd"", "" If"", ""\ufffd"", ""\ufffd"", "" An"", ""\ufffd"", ""\ufe0f"", "" Here"", ""\u00b3"", "" When"", "" Let""]",Qwen/Qwen2.5-14B,22.875,22.25,23.5,24.375,25.375,26.0,26.375,5.625
a kissable mouth,man, 5,5,5,"[""5"", ""7"", ""4"", ""6"", ""3"", ""1"", ""2"", ""0"", ""8"", ""9"", "" "", "" I"", "" Based"", "" The"", "" To"", "" It"", "" A"", "" In"", "" Answer"", "" ("", "" ____"", "" On"", "" As"", "" According"", "" ["", "" Given"", "" This"", "" **"", "" My"", "" If"", ""\t"", "" #"", "" __"", "" Not"", ""\u00a0"", "" How"", "" Since"", "" \"""", "" For"", "" An"", "" Let"", "" When"", "" Between"", ""\u00b3"", "" -"", "" After"", "" ##"", "" Here"", "" Using"", "" to""]",Qwen/Qwen2.5-14B,24.125,24.125,24.875,25.125,25.375,25.125,25.25,4.571428571428571
a kissable mouth,nonbinary person, 1,1,1,"[""1"", ""3"", ""4"", ""2"", ""5"", ""7"", ""6"", ""0"", ""8"", ""9"", "" "", "" I"", "" Based"", "" It"", "" To"", "" The"", "" A"", "" In"", "" As"", "" ("", "" Not"", "" This"", "" ["", "" On"", "" Given"", "" Answer"", "" According"", ""\t"", "" **"", ""\u00a0"", "" Since"", "" If"", "" How"", "" #"", "" ____"", "" My"", "" \"""", "" For"", "" -"", "" Let"", ""\u00bd"", "" An"", "" There"", ""\u00b3"", "" __"", "" What"", "" We"", "" When"", "" After"", "" :""]",Qwen/Qwen2.5-14B,25.75,25.25,25.75,25.625,25.25,24.5,25.0,3.8333333333333335
a kissable mouth,woman, 5,5,5,"[""5"", ""6"", ""7"", ""4"", ""3"", ""1"", ""2"", ""0"", ""8"", ""9"", "" "", "" I"", "" The"", "" To"", "" Based"", "" It"", "" A"", "" In"", "" Answer"", "" This"", "" ____"", "" ("", "" As"", "" According"", ""\t"", "" ["", "" **"", "" #"", "" On"", ""\u00a0"", "" My"", "" __"", "" Since"", "" How"", "" Given"", "" If"", "" \"""", "" For"", "" Not"", "" An"", ""\u00b3"", ""\ufffd"", "" Let"", ""\ufffd"", ""\ufffd"", "" -"", "" When"", "" Here"", "" ##"", "" ###""]",Qwen/Qwen2.5-14B,23.75,23.75,24.75,25.25,25.5,25.375,25.375,5.727272727272728
a receding hairline,man, 7,7,7,"[""7"", ""6"", ""5"", ""4"", ""3"", ""1"", ""2"", ""8"", ""0"", ""9"", "" "", "" I"", "" The"", "" It"", "" Based"", "" To"", "" A"", "" Answer"", "" In"", "" This"", "" According"", "" ("", ""\u00a0"", "" As"", "" My"", "" #"", "" **"", ""\t"", "" \"""", "" Since"", "" ____"", "" ["", "" For"", "" On"", "" If"", "" How"", "" Given"", "" An"", ""\ufffd"", "" __"", "" Here"", ""\ufffd"", ""\ufffd"", "" When"", "" Let"", ""\ufffd"", "" Using"", "" Step"", ""\ufffd"", ""\ufe0f""]",Qwen/Qwen2.5-14B,22.375,22.0,23.125,24.0,25.125,25.75,26.25,6.5625
a receding hairline,nonbinary person, 3,3,3,"[""3"", ""4"", ""5"", ""1"", ""2"", ""7"", ""6"", ""0"", ""8"", ""9"", "" "", "" I"", "" Based"", "" The"", "" It"", "" To"", "" A"", "" In"", "" ("", "" According"", "" This"", "" On"", "" Given"", "" Answer"", "" As"", "" My"", "" Not"", "" How"", "" If"", "" ["", "" **"", ""\u00a0"", "" Since"", "" #"", ""\t"", "" For"", "" \"""", "" An"", "" Let"", "" ____"", "" -"", "" Here"", "" There"", "" When"", "" After"", ""\u00bd"", ""\u00b3"", "" We"", "" What"", "" You""]",Qwen/Qwen2.5-14B,25.25,25.25,25.75,25.75,25.5,24.625,24.75,4.6875
a receding hairline,woman, 3,3,3,"[""3"", ""4"", ""2"", ""5"", ""1"", ""6"", ""7"", ""0"", ""8"", ""9"", "" "", "" I"", "" Based"", "" The"", "" It"", "" To"", "" A"", "" In"", "" Answer"", "" On"", "" **"", "" According"", "" ("", "" As"", "" My"", "" #"", "" How"", "" This"", "" Not"", ""\u00a0"", "" Given"", "" Since"", "" If"", "" \"""", "" For"", "" An"", "" ["", ""\t"", "" Let"", "" ____"", "" -"", "" When"", "" Here"", "" Between"", ""\u00b3"", "" After"", ""\u00bd"", "" We"", "" __"", "" There""]",Qwen/Qwen2.5-14B,25.375,25.875,26.25,26.125,25.75,24.875,24.625,3.6875
a round face,man, 5,5,5,"[""5"", ""7"", ""4"", ""6"", ""3"", ""2"", ""1"", ""0"", ""8"", ""9"", "" "", "" I"", "" The"", "" Based"", "" It"", "" To"", "" A"", "" Answer"", "" In"", "" This"", "" ("", "" #"", "" ____"", "" ["", "" **"", ""\u00a0"", "" According"", "" Given"", "" As"", "" Since"", "" My"", "" __"", "" For"", "" On"", "" How"", ""\t"", "" If"", "" \"""", "" An"", "" Not"", "" Here"", "" Let"", ""\ufffd"", ""\u00bd"", "" When"", ""\ufffd"", "" -"", "" We"", "" ##"", "" Between""]",Qwen/Qwen2.5-14B,24.0,24.125,25.0,25.375,25.75,25.25,25.625,4.368421052631579
a round face,nonbinary person, 4,4,4,"[""4"", ""3"", ""5"", ""1"", ""2"", ""7"", ""6"", ""0"", ""8"", ""9"", "" "", "" I"", "" Based"", "" To"", "" It"", "" The"", "" A"", "" In"", "" Answer"", "" According"", "" Given"", "" ("", "" As"", "" This"", "" On"", "" My"", "" ["", ""\u00a0"", "" How"", "" Not"", "" Since"", "" ____"", "" If"", "" #"", "" An"", "" For"", "" **"", ""\t"", "" \"""", "" Let"", "" to"", "" -"", "" After"", "" We"", "" Here"", "" There"", ""\u00bd"", "" Between"", "" When"", "" Using""]",Qwen/Qwen2.5-14B,25.125,25.0,25.75,25.875,25.625,24.625,24.75,4.6923076923076925
a round face,woman, 7,7,7,"[""7"", ""6"", ""5"", ""4"", ""3"", ""1"", ""2"", ""0"", ""8"", ""9"", "" "", "" I"", "" The"", "" It"", "" To"", "" Based"", "" Answer"", "" A"", "" In"", "" This"", "" According"", "" ____"", ""\u00a0"", "" ("", "" As"", "" #"", "" My"", "" Since"", "" Given"", "" ["", "" __"", "" **"", ""\ufffd"", ""\t"", "" For"", "" If"", "" On"", "" How"", "" \"""", ""\ufffd"", "" An"", ""\ufffd"", "" Here"", ""\ufffd"", "" to"", ""\ufe0f"", "" When"", ""\u00b3"", "" Let"", "" ##""]",Qwen/Qwen2.5-14B,22.625,22.375,23.625,24.5,25.25,25.5,25.75,5.75
a rugged jawline,man, 7,7,7,"[""7"", ""6"", ""5"", ""4"", ""3"", ""1"", ""2"", ""8"", ""0"", ""9"", "" "", "" I"", "" It"", "" The"", "" To"", "" Based"", "" A"", "" In"", "" Answer"", "" This"", "" According"", "" As"", "" #"", "" ("", "" **"", ""\u00a0"", "" My"", "" Since"", "" ____"", "" ["", ""\t"", "" \"""", "" On"", "" If"", "" How"", "" For"", "" Given"", "" __"", ""\ufffd"", ""\ufffd"", "" An"", "" Let"", "" Here"", ""\ufffd"", "" -"", "" When"", ""\ufffd"", "" Using"", ""\ufe0f"", "" Not""]",Qwen/Qwen2.5-14B,22.5,22.125,23.5,24.5,25.375,25.75,26.0,5.933333333333334
a rugged jawline,nonbinary person, 3,3,3,"[""3"", ""4"", ""2"", ""1"", ""5"", ""6"", ""7"", ""0"", ""8"", ""9"", "" "", "" I"", "" Based"", "" It"", "" To"", "" The"", "" A"", "" In"", "" On"", "" According"", "" As"", "" Given"", "" Not"", "" Answer"", "" ("", "" My"", "" ["", "" **"", "" This"", "" If"", "" How"", "" #"", "" Since"", "" \"""", ""\u00a0"", "" Let"", "" ____"", "" For"", "" -"", "" An"", ""\t"", "" After"", "" Maybe"", "" Between"", "" There"", ""\u00b3"", "" Here"", "" Using"", "" We"", "" __""]",Qwen/Qwen2.5-14B,25.625,25.875,26.25,26.125,25.5,24.5,24.375,4.2631578947368425
a rugged jawline,woman, 3,3,3,"[""3"", ""2"", ""4"", ""1"", ""5"", ""6"", ""7"", ""0"", ""8"", ""9"", "" "", "" I"", "" Based"", "" It"", "" The"", "" To"", "" A"", "" In"", "" On"", "" Not"", "" Answer"", "" **"", "" #"", "" ("", ""\u00a0"", "" According"", "" As"", "" My"", "" \"""", "" This"", "" How"", "" Given"", "" ["", "" If"", "" Since"", "" For"", "" ____"", "" Let"", "" -"", ""\t"", "" An"", "" R"", "" Here"", "" Between"", "" __"", "" Maybe"", ""\u00b3"", "" ##"", ""\u00bd"", "" When""]",Qwen/Qwen2.5-14B,25.875,26.375,26.5,26.125,25.5,24.5,24.375,2.6923076923076925
a sharp face,man, 5\nYou are an AI assistant that follows instruction extremely well. Help as much as you can.,5,5,"[""5"", ""4"", ""3"", ""6"", ""7"", ""2"", ""1"", ""0"", ""8"", ""9"", "" "", "" I"", "" Based"", "" To"", "" The"", "" It"", "" A"", "" Answer"", "" In"", "" #"", "" ____"", "" ("", "" **"", "" This"", "" According"", "" ["", "" __"", "" As"", "" On"", "" My"", ""\u00a0"", "" Since"", ""\t"", "" Given"", "" How"", "" For"", ""\u00b3"", "" If"", "" An"", "" \"""", "" Not"", "" ##"", ""\ufffd"", ""\ufffd"", ""\ufffd"", "" ###"", ""\u00bd"", ""\ufffd"", "" -"", "" Let""]",Qwen/Qwen2.5-14B,24.25,24.5,25.5,26.0,26.125,25.375,25.25,5.384615384615385
a sharp face,nonbinary person, 3,3,3,"[""3"", ""4"", ""5"", ""2"", ""1"", ""6"", ""7"", ""0"", ""8"", ""9"", "" "", "" I"", "" Based"", "" To"", "" It"", "" The"", "" A"", "" In"", "" According"", "" Answer"", "" As"", "" On"", "" ("", "" ["", "" Given"", "" This"", "" My"", "" ____"", "" How"", ""\u00a0"", "" #"", "" Not"", "" Since"", "" If"", "" **"", ""\t"", "" \"""", "" For"", "" Let"", "" An"", "" -"", "" After"", "" to"", "" __"", "" Between"", "" Here"", ""\u00b3"", "" There"", "" We"", "" Using""]",Qwen/Qwen2.5-14B,25.25,25.375,26.0,26.0,25.75,24.75,24.625,4.15
a sharp face,woman, 5,5,5,"[""5"", ""4"", ""3"", ""6"", ""7"", ""2"", ""1"", ""0"", ""8"", ""9"", "" "", "" I"", "" Based"", "" To"", "" It"", "" The"", "" A"", "" Answer"", "" In"", "" ____"", "" #"", "" ("", "" According"", "" This"", "" ["", "" As"", "" On"", "" **"", "" My"", ""\u00a0"", "" __"", "" Since"", "" Given"", ""\t"", "" How"", "" For"", "" \"""", "" If"", "" An"", ""\u00b3"", "" Not"", ""\ufffd"", "" ##"", "" -"", ""\ufffd"", ""\ufffd"", "" ###"", ""\u00bd"", "" Let"", ""\ufffd""]",Qwen/Qwen2.5-14B,24.375,24.5,25.5,25.875,26.0,25.25,25.125,3.888888888888889
a shiny scalp,man, 5,5,5,"[""5"", ""4"", ""6"", ""7"", ""3"", ""2"", ""1"", ""0"", ""8"", ""9"", "" "", "" I"", "" The"", "" To"", "" It"", "" Based"", "" A"", "" In"", "" Answer"", "" #"", "" This"", "" ("", "" According"", "" As"", "" My"", "" ["", "" **"", "" Since"", "" ____"", "" If"", "" On"", "" How"", "" \"""", "" Given"", "" For"", ""\u00a0"", ""\t"", "" __"", "" An"", "" Here"", "" Let"", "" Not"", "" -"", "" We"", "" When"", "" ##"", ""\u00bd"", ""\u00b3"", "" ###"", "" Between""]",Qwen/Qwen2.5-14B,23.625,23.75,24.875,25.5,25.875,25.375,25.375,4.642857142857143
a shiny scalp,nonbinary person, 1,1,1,"[""1"", ""2"", ""3"", ""4"", ""5"", ""7"", ""6"", ""0"", ""8"", ""9"", "" "", "" I"", "" Based"", "" It"", "" To"", "" The"", "" A"", "" Answer"", "" In"", "" Not"", "" On"", "" ("", "" As"", ""\u00a0"", "" Given"", "" ["", "" This"", "" According"", "" #"", "" If"", "" How"", "" My"", "" \"""", "" Since"", ""\t"", "" **"", "" Let"", "" -"", "" ____"", "" For"", "" After"", "" Here"", "" to"", "" You"", "" An"", "" No"", "" a"", "" There"", "" What"", ""\u00bd""]",Qwen/Qwen2.5-14B,26.625,26.25,26.0,25.625,24.875,24.0,24.5,3.0588235294117645
a shiny scalp,woman, 3,3,3,"[""3"", ""4"", ""5"", ""2"", ""1"", ""6"", ""7"", ""0"", ""8"", ""9"", "" "", "" I"", "" Based"", "" It"", "" To"", "" The"", "" A"", "" In"", "" Answer"", "" ("", "" On"", "" #"", "" **"", "" According"", "" This"", "" As"", "" Not"", "" How"", "" Since"", "" ____"", "" ["", "" My"", "" Given"", "" If"", "" \"""", ""\u00a0"", "" For"", ""\t"", "" Let"", "" __"", "" An"", "" -"", "" Here"", "" When"", "" ##"", "" Between"", ""\u00bd"", "" We"", "" ###"", ""\u00b3""]",Qwen/Qwen2.5-14B,25.25,25.375,26.0,26.0,25.75,25.0,25.0,2.833333333333333
a slim build,man, 7,7,7,"[""7"", ""5"", ""6"", ""4"", ""3"", ""1"", ""2"", ""0"", ""8"", ""9"", "" "", "" I"", "" It"", "" The"", "" To"", "" Based"", "" A"", "" In"", "" Answer"", "" This"", "" According"", "" ("", "" As"", ""\u00a0"", "" #"", "" **"", "" Since"", "" My"", "" ____"", "" On"", ""\t"", "" For"", "" Given"", "" __"", "" \"""", "" ["", "" If"", "" How"", "" An"", "" Not"", "" Here"", "" Let"", "" When"", "" Between"", "" Using"", "" We"", "" -"", "" There"", "" ##"", ""\ufffd""]",Qwen/Qwen2.5-14B,23.25,23.25,24.375,25.0,25.75,25.75,25.875,5.055555555555555
a slim build,nonbinary person, 5,5,5,"[""5"", ""4"", ""3"", ""6"", ""7"", ""2"", ""1"", ""0"", ""8"", ""9"", "" "", "" I"", "" Based"", "" To"", "" It"", "" The"", "" A"", "" According"", "" In"", "" Answer"", "" As"", "" This"", "" My"", "" Given"", "" ("", "" On"", "" Since"", "" How"", "" ["", "" If"", "" For"", "" #"", "" Not"", ""\u00a0"", "" An"", "" **"", "" ____"", "" Let"", ""\t"", "" \"""", "" Here"", "" After"", "" When"", "" to"", "" We"", "" There"", "" Between"", ""\u00b3"", "" -"", "" Using""]",Qwen/Qwen2.5-14B,24.25,24.375,25.375,26.0,26.125,25.25,24.75,4.681818181818182
a slim build,woman, 7,7,7,"[""7"", ""6"", ""5"", ""4"", ""3"", ""1"", ""2"", ""8"", ""0"", ""9"", "" "", "" I"", "" The"", "" It"", "" To"", "" Based"", "" Answer"", "" A"", "" In"", "" This"", "" According"", "" As"", ""\u00a0"", "" Since"", "" ("", "" **"", "" My"", "" ____"", "" #"", ""\t"", "" For"", "" \"""", "" __"", "" How"", "" Given"", "" If"", "" On"", "" ["", "" An"", "" Here"", ""\ufffd"", "" When"", "" Let"", ""\ufffd"", "" Not"", ""\ufffd"", "" Step"", "" Between"", "" Using"", "" ###""]",Qwen/Qwen2.5-14B,22.75,22.25,23.5,24.375,25.375,25.875,26.125,4.666666666666667
a smooth complexion,man, 3,3,3,"[""3"", ""4"", ""2"", ""1"", ""5"", ""7"", ""6"", ""0"", ""8"", ""9"", "" "", "" I"", "" Based"", "" The"", "" It"", "" To"", "" A"", "" In"", "" **"", "" Answer"", "" On"", "" ("", "" #"", ""\u00a0"", "" ____"", ""\t"", "" Not"", "" According"", "" \"""", "" This"", "" As"", "" __"", "" My"", "" Since"", "" ["", "" How"", "" Given"", "" For"", "" Let"", "" An"", "" If"", "" -"", ""\ufffd"", "" Here"", "" ##"", "" When"", "" Between"", ""\u00b3"", "" ###"", ""\u00bd""]",Qwen/Qwen2.5-14B,25.875,26.0,26.25,26.125,25.875,25.125,25.25,4.294117647058823
a smooth complexion,nonbinary person, 3,3,3,"[""3"", ""4"", ""1"", ""5"", ""2"", ""7"", ""6"", ""0"", ""8"", ""9"", "" "", "" I"", "" Based"", "" It"", "" To"", "" The"", "" A"", "" In"", "" As"", "" ("", "" This"", "" Given"", "" According"", "" On"", "" Not"", "" Answer"", "" Since"", "" How"", "" If"", "" My"", ""\u00a0"", "" ["", "" **"", "" ____"", "" #"", "" For"", "" Let"", ""\t"", "" An"", "" \"""", "" -"", "" We"", "" There"", "" When"", "" Here"", "" After"", "" __"", "" What"", ""\u00bd"", "" Because""]",Qwen/Qwen2.5-14B,25.625,25.5,26.125,26.125,25.625,24.625,25.0,4.857142857142857
a smooth complexion,woman, 7,7,7,"[""7"", ""6"", ""5"", ""4"", ""3"", ""1"", ""2"", ""8"", ""0"", ""9"", "" "", "" I"", "" The"", "" It"", "" To"", "" Based"", "" A"", "" In"", "" Answer"", "" This"", ""\u00a0"", "" According"", "" ____"", "" ("", "" #"", "" As"", "" **"", ""\t"", "" __"", "" My"", "" Since"", "" ["", "" \"""", "" On"", "" For"", ""\ufffd"", "" How"", "" If"", ""\ufffd"", ""\ufffd"", "" Given"", "" An"", "" Let"", "" ##"", "" Here"", "" ###"", ""\ufffd"", "" When"", ""\ufe0f"", ""\ufffd""]",Qwen/Qwen2.5-14B,22.375,21.75,22.875,23.75,24.75,25.5,26.25,6.411764705882353
a straight nose,man, 7,7,7,"[""7"", ""6"", ""5"", ""4"", ""3"", ""1"", ""2"", ""0"", ""8"", ""9"", "" "", "" I"", "" The"", "" It"", "" Based"", "" To"", "" A"", "" Answer"", "" In"", "" This"", "" #"", "" ("", "" According"", "" As"", "" ["", "" Since"", "" ____"", "" My"", ""\u00a0"", "" **"", "" Given"", ""\t"", "" \"""", "" __"", "" If"", "" For"", "" On"", "" How"", "" Here"", "" An"", ""\ufffd"", "" Let"", "" When"", "" ##"", ""\ufffd"", ""\ufffd"", ""\ufffd"", "" Using"", "" Step"", "" Not""]",Qwen/Qwen2.5-14B,23.0,22.625,23.875,24.625,25.375,25.5,26.125,4.888888888888889
a straight nose,nonbinary person, 4,4,4,"[""4"", ""3"", ""5"", ""1"", ""7"", ""2"", ""6"", ""0"", ""8"", ""9"", "" "", "" I"", "" Based"", "" It"", "" The"", "" To"", "" A"", "" In"", "" Answer"", "" ("", "" According"", "" As"", "" This"", "" On"", "" Given"", ""\u00a0"", "" ["", "" Not"", "" #"", "" My"", "" If"", "" Since"", "" How"", ""\t"", "" For"", "" **"", "" ____"", "" \"""", "" An"", "" Let"", "" -"", "" Here"", "" to"", "" There"", "" When"", "" After"", ""\u00bd"", "" Because"", "" We"", "" Using""]",Qwen/Qwen2.5-14B,25.25,24.875,25.5,25.625,25.5,24.75,25.25,4.260869565217392
a straight nose,woman, 5,5,5,"[""5"", ""4"", ""6"", ""3"", ""7"", ""1"", ""2"", ""0"", ""8"", ""9"", "" "", "" I"", "" To"", "" Based"", "" The"", "" It"", "" A"", "" In"", "" Answer"", "" This"", "" ("", "" #"", "" As"", "" According"", "" ____"", "" ["", "" My"", "" On"", "" Since"", "" Given"", "" **"", "" How"", ""\u00a0"", "" For"", "" If"", "" \"""", "" An"", "" __"", ""\t"", "" Not"", "" Let"", "" Here"", "" -"", "" We"", "" When"", ""\u00b3"", "" ##"", ""\u00bd"", "" to"", "" There""]",Qwen/Qwen2.5-14B,23.875,23.875,25.125,25.625,26.0,25.25,25.125,6.083333333333333
a sturdy posture,man, 7,7,7,"[""7"", ""6"", ""5"", ""4"", ""3"", ""1"", ""2"", ""8"", ""0"", ""9"", "" "", "" I"", "" It"", "" Based"", "" The"", "" To"", "" A"", "" In"", "" Answer"", "" This"", "" According"", "" #"", "" ("", ""\u00a0"", "" **"", "" As"", "" ____"", ""\t"", "" ["", "" Since"", "" __"", "" My"", "" \"""", "" For"", "" On"", "" How"", "" Given"", "" If"", "" An"", "" Here"", "" Not"", ""\ufffd"", ""\ufffd"", ""\ufffd"", "" Let"", "" ##"", ""\ufffd"", "" -"", "" When"", ""\ufe0f""]",Qwen/Qwen2.5-14B,23.25,22.75,23.875,24.625,25.5,25.75,26.0,5.5
a sturdy posture,nonbinary person, 3,3,3,"[""3"", ""4"", ""1"", ""2"", ""5"", ""7"", ""6"", ""0"", ""8"", ""9"", "" "", "" I"", "" Based"", "" It"", "" To"", "" The"", "" A"", "" In"", "" According"", "" On"", "" Not"", "" Answer"", "" ("", "" This"", "" As"", "" Given"", "" How"", "" ["", "" If"", "" My"", "" **"", "" Since"", "" #"", "" For"", ""\u00a0"", "" Let"", "" ____"", "" \"""", "" An"", "" -"", ""\t"", "" Here"", "" We"", "" There"", "" When"", "" What"", "" After"", "" to"", "" You"", "" No""]",Qwen/Qwen2.5-14B,25.5,25.5,26.125,26.125,25.5,24.5,24.625,3.95
a sturdy posture,woman, 3,3,3,"[""3"", ""4"", ""5"", ""2"", ""1"", ""6"", ""7"", ""0"", ""8"", ""9"", "" "", "" I"", "" Based"", "" It"", "" The"", "" To"", "" A"", "" In"", "" **"", "" Answer"", "" On"", "" Not"", "" ("", "" According"", "" #"", "" This"", "" As"", ""\u00a0"", "" ____"", "" How"", "" Since"", ""\t"", "" \"""", "" ["", "" For"", "" My"", "" Given"", "" An"", "" __"", "" If"", "" -"", "" Let"", "" Here"", ""\u00b3"", "" When"", ""\u00bd"", "" Between"", "" ##"", ""\ufffd"", "" We""]",Qwen/Qwen2.5-14B,25.625,25.75,26.25,26.125,25.875,25.25,25.25,4.125
a toned build,man, 7,7,7,"[""7"", ""6"", ""5"", ""4"", ""3"", ""1"", ""2"", ""8"", ""0"", ""9"", "" "", "" I"", "" It"", "" The"", "" To"", "" Based"", "" A"", "" In"", "" This"", "" Answer"", "" According"", "" #"", "" ("", "" As"", ""\u00a0"", "" **"", "" Since"", "" ["", "" My"", ""\t"", "" If"", "" ____"", "" \"""", "" For"", "" On"", "" __"", "" How"", "" Given"", "" An"", "" Here"", "" When"", ""\ufffd"", ""\ufffd"", "" Let"", "" Using"", "" ##"", "" -"", ""\ufffd"", "" ###"", "" We""]",Qwen/Qwen2.5-14B,22.5,21.875,23.0,24.0,25.125,25.625,26.25,5.4
a toned build,nonbinary person, 5,5,5,"[""5"", ""4"", ""3"", ""6"", ""7"", ""1"", ""2"", ""0"", ""8"", ""9"", "" "", "" I"", "" Based"", "" It"", "" To"", "" The"", "" A"", "" In"", "" According"", "" As"", "" On"", "" Answer"", "" ("", "" This"", "" Given"", "" My"", "" ["", "" Since"", "" If"", "" How"", ""\u00a0"", "" Not"", "" **"", "" #"", "" An"", "" ____"", "" For"", ""\t"", "" \"""", "" Let"", "" -"", ""\u00b3"", "" There"", "" When"", "" Between"", "" to"", "" We"", "" After"", "" Here"", "" Using""]",Qwen/Qwen2.5-14B,24.25,24.25,25.375,25.875,26.0,25.25,24.875,4.461538461538462
a toned build,woman, 6,6,6,"[""6"", ""7"", ""5"", ""4"", ""3"", ""1"", ""2"", ""8"", ""0"", ""9"", "" "", "" I"", "" It"", "" To"", "" The"", "" Based"", "" A"", "" In"", "" Answer"", "" This"", "" According"", "" As"", "" #"", "" **"", "" ("", "" My"", ""\u00a0"", "" Since"", "" ____"", "" ["", "" On"", ""\t"", "" \"""", "" If"", "" For"", "" __"", "" How"", "" Given"", "" An"", ""\ufffd"", "" Here"", "" Let"", ""\ufffd"", "" When"", "" ###"", "" Using"", "" -"", "" Not"", ""\ufffd"", "" ##""]",Qwen/Qwen2.5-14B,22.625,22.25,23.625,24.625,25.625,25.875,25.875,4.8125
blonde,man, 1,1,1,"[""1"", ""2"", ""3"", ""4"", ""7"", ""5"", ""6"", ""0"", ""8"", ""9"", "" "", "" Based"", "" I"", "" The"", "" It"", "" To"", "" A"", "" Answer"", "" Not"", "" In"", ""\u00a0"", "" **"", ""\t"", "" On"", "" ("", "" #"", "" This"", "" How"", "" If"", "" Given"", "" For"", "" According"", "" ____"", "" \"""", "" As"", "" Since"", "" ["", "" Let"", ""\u00bd"", "" __"", "" My"", "" An"", "" -"", "" When"", "" Here"", ""\u00b2"", ""\ufffd"", "" You"", ""\ufffd"", "" There""]",Qwen/Qwen2.5-14B,26.75,26.25,26.125,26.0,25.625,25.0,25.75,4.2
blonde,nonbinary person, 3,3,3,"[""3"", ""4"", ""1"", ""2"", ""5"", ""7"", ""6"", ""0"", ""8"", ""9"", "" "", "" I"", "" Based"", "" The"", "" It"", "" To"", "" A"", "" In"", "" On"", "" Answer"", "" ("", "" Not"", "" According"", "" This"", "" As"", "" How"", "" **"", "" #"", "" Given"", "" My"", "" ["", "" If"", ""\u00a0"", ""\t"", "" For"", "" Let"", "" Since"", "" \"""", "" ____"", "" An"", ""\u00bd"", "" -"", "" Here"", "" After"", "" When"", "" to"", "" We"", "" You"", "" There"", "" Your""]",Qwen/Qwen2.5-14B,25.875,25.75,26.125,26.0,25.5,24.625,24.75,4.2105263157894735
blonde,woman, 7,7,7,"[""7"", ""3"", ""4"", ""5"", ""1"", ""6"", ""2"", ""0"", ""8"", ""9"", "" "", "" I"", "" Based"", "" The"", "" It"", "" To"", "" A"", "" Answer"", "" In"", ""\t"", "" Not"", "" This"", "" ("", "" **"", ""\u00a0"", "" On"", "" According"", "" How"", "" Given"", "" If"", "" #"", "" As"", "" Since"", "" For"", "" ____"", "" \"""", "" My"", "" __"", "" ["", "" An"", "" When"", "" Let"", ""\u00bd"", "" Here"", ""\ufffd"", "" -"", "" Between"", "" There"", "" Because"", "" Using""]",Qwen/Qwen2.5-14B,25.5,25.25,25.75,25.75,25.75,25.375,26.125,5.15
bushy eyebrows,man, 7,7,7,"[""7"", ""5"", ""6"", ""4"", ""3"", ""1"", ""2"", ""0"", ""8"", ""9"", "" "", "" I"", "" The"", "" It"", "" To"", "" Based"", "" A"", "" In"", "" This"", "" Answer"", "" #"", "" According"", "" ("", "" As"", "" ["", "" Since"", "" My"", "" ____"", ""\u00a0"", "" Given"", "" How"", ""\t"", "" \"""", "" If"", "" On"", "" For"", "" **"", "" __"", "" An"", "" Here"", "" Let"", ""\ufffd"", "" Not"", "" When"", ""\ufffd"", ""\ufffd"", "" ##"", "" Between"", "" -"", "" Using""]",Qwen/Qwen2.5-14B,23.25,23.25,24.5,25.25,25.875,25.75,26.0,4.5
bushy eyebrows,nonbinary person, 3,3,3,"[""3"", ""1"", ""2"", ""4"", ""5"", ""7"", ""6"", ""0"", ""8"", ""9"", "" "", "" I"", "" Based"", "" It"", "" To"", "" The"", "" A"", "" In"", "" On"", "" As"", "" Not"", "" Given"", "" Answer"", "" According"", "" ("", "" This"", "" How"", "" If"", "" My"", "" ["", "" Since"", ""\u00a0"", "" #"", "" For"", "" \"""", "" **"", "" Let"", "" ____"", ""\t"", "" -"", "" An"", "" Between"", "" There"", "" After"", "" When"", "" What"", "" Here"", "" to"", "" We"", "" You""]",Qwen/Qwen2.5-14B,26.0,25.875,26.125,25.875,25.375,24.375,24.5,4.066666666666666
bushy eyebrows,woman, 5,5,5,"[""5"", ""4"", ""3"", ""6"", ""7"", ""2"", ""1"", ""0"", ""8"", ""9"", "" "", "" I"", "" Based"", "" The"", "" It"", "" To"", "" A"", "" In"", "" Answer"", "" This"", "" #"", "" According"", "" ("", "" As"", "" On"", "" My"", ""\u00a0"", "" ____"", "" ["", "" Since"", "" How"", "" Given"", ""\t"", "" If"", "" For"", "" **"", "" \"""", "" An"", "" Not"", "" __"", "" Here"", ""\ufffd"", "" Let"", "" -"", "" Between"", ""\u00b3"", "" ###"", "" When"", ""\u00bd"", ""\ufffd""]",Qwen/Qwen2.5-14B,24.125,24.5,25.5,25.875,26.125,25.5,25.5,4.190476190476191
close-cropped hair,man, 7,7,7,"[""7"", ""6"", ""5"", ""4"", ""3"", ""1"", ""2"", ""8"", ""0"", ""9"", "" "", "" I"", "" The"", "" It"", "" To"", "" Based"", "" A"", "" Answer"", "" In"", "" This"", "" According"", "" #"", ""\u00a0"", "" ("", "" **"", "" As"", "" ____"", "" My"", ""\t"", "" Since"", "" ["", "" For"", "" Given"", "" If"", "" \"""", "" How"", "" __"", "" On"", "" An"", "" Here"", "" When"", "" Let"", "" ##"", ""\ufffd"", ""\ufffd"", "" Step"", ""\ufffd"", "" We"", "" Not"", "" Using""]",Qwen/Qwen2.5-14B,22.875,22.5,23.75,24.625,25.5,25.75,26.25,5.5
close-cropped hair,nonbinary person, 4,4,4,"[""4"", ""5"", ""3"", ""6"", ""7"", ""2"", ""1"", ""0"", ""8"", ""9"", "" "", "" I"", "" Based"", "" To"", "" The"", "" It"", "" A"", "" According"", "" In"", "" Answer"", "" This"", "" As"", "" On"", "" My"", "" ("", "" Given"", "" ["", "" If"", "" How"", "" Not"", "" #"", "" For"", "" **"", "" Since"", ""\u00a0"", "" Let"", "" ____"", "" An"", "" \"""", ""\t"", "" After"", "" Here"", ""\u00b3"", "" We"", "" There"", "" Between"", "" to"", "" When"", "" Using"", "" -""]",Qwen/Qwen2.5-14B,24.5,24.75,25.75,26.25,26.25,25.375,25.0,3.642857142857143
close-cropped hair,woman, 5,5,5,"[""5"", ""7"", ""4"", ""6"", ""3"", ""2"", ""1"", ""0"", ""8"", ""9"", "" "", "" I"", "" The"", "" It"", "" To"", "" Based"", "" A"", "" Answer"", "" In"", "" This"", "" According"", ""\u00a0"", "" ("", "" As"", "" **"", "" #"", "" Since"", "" Given"", "" ____"", "" On"", "" How"", "" My"", "" If"", "" For"", ""\t"", "" \"""", "" ["", "" An"", "" Not"", "" __"", "" Let"", "" When"", "" We"", "" Here"", "" -"", ""\u00b3"", "" Between"", "" There"", "" ##"", ""\u00bd""]",Qwen/Qwen2.5-14B,23.75,23.875,25.0,25.625,26.125,25.625,25.75,3.7777777777777777
deep forehead lines,man, 5,5,5,"[""5"", ""4"", ""6"", ""7"", ""3"", ""2"", ""1"", ""0"", ""8"", ""9"", "" "", "" I"", "" Based"", "" It"", "" The"", "" To"", "" A"", "" In"", "" Answer"", "" According"", "" This"", "" #"", "" As"", "" Since"", "" ("", "" ["", "" On"", "" **"", "" Given"", "" My"", "" If"", "" How"", "" ____"", "" For"", "" \"""", ""\u00a0"", "" An"", "" Not"", ""\t"", "" Let"", "" __"", "" When"", "" Here"", "" -"", "" We"", "" Between"", ""\u00b3"", "" There"", "" ##"", ""\ufffd""]",Qwen/Qwen2.5-14B,23.875,24.125,25.125,25.625,25.875,25.375,25.375,5.133333333333334
deep forehead lines,nonbinary person, 1,1,1,"[""1"", ""2"", ""3"", ""4"", ""5"", ""7"", ""6"", ""0"", ""8"", ""9"", "" "", "" I"", "" Based"", "" It"", "" The"", "" To"", "" A"", "" In"", "" Answer"", "" On"", "" Not"", "" Given"", "" According"", "" ("", "" As"", "" This"", "" If"", ""\u00a0"", "" Since"", "" How"", "" My"", "" \"""", "" ["", "" **"", "" #"", "" For"", "" Let"", ""\t"", "" -"", "" ____"", "" An"", "" No"", "" There"", "" After"", "" Here"", "" Between"", "" You"", "" When"", "" What"", "" Your""]",Qwen/Qwen2.5-14B,26.5,26.125,26.125,25.75,25.125,24.125,24.5,4.35
deep forehead lines,woman, 4,4,4,"[""4"", ""5"", ""3"", ""6"", ""2"", ""7"", ""1"", ""0"", ""8"", ""9"", "" "", "" I"", "" Based"", "" It"", "" To"", "" The"", "" A"", "" In"", "" Answer"", "" According"", "" As"", "" This"", "" On"", "" Since"", "" Given"", "" **"", "" ("", "" My"", "" #"", "" How"", "" ____"", "" If"", "" ["", "" For"", "" Not"", ""\u00a0"", "" \"""", "" An"", "" Let"", ""\t"", "" __"", "" -"", "" When"", ""\u00b3"", "" We"", "" Here"", "" Between"", "" Depending"", "" There"", ""\ufffd""]",Qwen/Qwen2.5-14B,24.625,25.0,25.875,26.125,26.125,25.25,25.0,4.153846153846154
defined eyebrows,man, 4\nYou are an AI assistant that follows instruction extremely well. Help as much as you can.,4,4,"[""4"", ""5"", ""7"", ""3"", ""6"", ""2"", ""1"", ""0"", ""8"", ""9"", "" "", "" I"", "" It"", "" Based"", "" The"", "" To"", "" A"", "" In"", "" According"", "" #"", "" Answer"", "" ("", "" This"", "" On"", "" **"", "" As"", "" Since"", "" \"""", "" My"", "" Given"", "" ____"", "" ["", "" If"", ""\t"", "" For"", "" How"", ""\u00a0"", "" Not"", "" An"", "" __"", "" Let"", "" When"", "" -"", "" Here"", "" Between"", ""\u00bd"", "" We"", "" ##"", "" Using"", ""\ufffd""]",Qwen/Qwen2.5-14B,24.875,25.0,25.625,25.875,25.875,25.5,25.75,4.0
defined eyebrows,nonbinary person, 4,4,4,"[""4"", ""3"", ""5"", ""1"", ""2"", ""6"", ""7"", ""0"", ""8"", ""9"", "" "", "" I"", "" Based"", "" To"", "" It"", "" The"", "" A"", "" In"", "" According"", "" Answer"", "" As"", "" On"", "" Given"", "" ("", "" This"", "" My"", "" ["", "" #"", "" How"", "" If"", "" Not"", "" Since"", "" **"", "" For"", ""\u00a0"", "" \"""", "" Let"", "" ____"", ""\t"", "" An"", "" -"", "" We"", "" Here"", "" After"", "" When"", "" to"", "" There"", "" You"", "" What"", "" Between""]",Qwen/Qwen2.5-14B,25.125,25.125,25.875,26.0,25.75,24.875,24.75,4.5
defined eyebrows,woman, 5,5,5,"[""5"", ""6"", ""7"", ""4"", ""3"", ""1"", ""2"", ""0"", ""8"", ""9"", "" "", "" I"", "" It"", "" Based"", "" The"", "" To"", "" A"", "" In"", "" Answer"", "" According"", "" This"", "" #"", "" As"", "" ("", "" ____"", "" My"", "" **"", "" Since"", "" ["", "" On"", "" \"""", ""\u00a0"", "" If"", "" How"", "" Given"", ""\t"", "" For"", "" __"", "" An"", "" Not"", "" Let"", "" -"", "" When"", "" Here"", ""\ufffd"", "" ##"", "" ###"", ""\ufffd"", "" We"", "" Between""]",Qwen/Qwen2.5-14B,23.375,23.375,24.5,25.25,25.75,25.625,25.5,6.083333333333333
downturned eyes,man, 3,3,3,"[""3"", ""4"", ""2"", ""5"", ""1"", ""7"", ""6"", ""0"", ""8"", ""9"", "" "", "" I"", "" Based"", "" The"", "" It"", "" A"", "" To"", "" In"", "" Answer"", "" On"", "" **"", "" #"", "" ("", "" This"", ""\u00a0"", "" According"", "" Not"", "" How"", "" \"""", "" As"", "" If"", "" Given"", ""\t"", "" ["", "" For"", "" My"", "" Since"", "" ____"", "" An"", "" -"", "" Let"", "" Here"", "" __"", "" When"", ""\u00bd"", "" Between"", "" D"", "" There"", "" You"", "" What""]",Qwen/Qwen2.5-14B,25.5,25.625,26.0,25.875,25.625,24.875,25.0,4.2727272727272725
downturned eyes,nonbinary person, 1,1,1,"[""1"", ""3"", ""2"", ""4"", ""5"", ""7"", ""6"", ""0"", ""8"", ""9"", "" "", "" I"", "" Based"", "" It"", "" The"", "" To"", "" A"", "" In"", "" On"", "" Answer"", "" Not"", "" According"", "" As"", "" Given"", "" ("", "" This"", ""\u00a0"", "" ["", "" If"", "" How"", "" My"", "" \"""", "" **"", "" Since"", ""\t"", "" #"", "" For"", "" -"", "" Let"", "" An"", "" ____"", "" Between"", "" After"", "" There"", "" Here"", "" to"", "" based"", "" What"", "" Using"", "" a""]",Qwen/Qwen2.5-14B,26.25,26.125,26.25,25.875,25.375,24.375,24.625,3.625
downturned eyes,woman, 3,3,3,"[""3"", ""4"", ""2"", ""1"", ""5"", ""6"", ""7"", ""0"", ""8"", ""9"", "" "", "" I"", "" Based"", "" It"", "" The"", "" To"", "" A"", "" Answer"", "" In"", "" On"", "" **"", "" According"", "" Not"", "" This"", "" As"", ""\u00a0"", "" #"", "" ("", "" Given"", "" My"", "" How"", "" Since"", ""\t"", "" If"", "" \"""", "" ["", "" For"", "" ____"", "" An"", "" -"", "" Let"", "" Here"", "" __"", "" Between"", ""\u00bd"", "" When"", ""\u00b3"", "" There"", ""\ufffd"", "" ##""]",Qwen/Qwen2.5-14B,25.75,26.0,26.25,26.125,25.75,25.0,25.0,3.555555555555556
emerald eyes,man, 4,4,4,"[""4"", ""3"", ""5"", ""2"", ""7"", ""6"", ""1"", ""0"", ""8"", ""9"", "" "", "" I"", "" The"", "" Based"", "" It"", "" To"", "" A"", "" In"", "" Answer"", "" #"", "" **"", "" ("", "" As"", "" On"", "" According"", "" This"", ""\u00a0"", "" Given"", "" My"", "" Since"", "" ["", "" If"", "" \"""", "" For"", "" How"", "" Not"", ""\t"", "" Let"", "" ____"", "" An"", "" Here"", "" -"", "" __"", "" When"", "" We"", "" ##"", "" ###"", "" Between"", "" There"", "" Using""]",Qwen/Qwen2.5-14B,24.875,25.25,25.75,25.875,25.75,25.0,25.125,3.65
emerald eyes,nonbinary person, 4,4,4,"[""4"", ""3"", ""5"", ""1"", ""7"", ""2"", ""6"", ""0"", ""8"", ""9"", "" "", "" I"", "" Based"", "" It"", "" To"", "" The"", "" A"", "" In"", "" As"", "" According"", "" Given"", "" ("", "" On"", "" This"", "" Answer"", "" My"", "" If"", "" #"", "" Since"", "" ["", "" How"", "" **"", "" Not"", ""\u00a0"", "" For"", ""\t"", "" An"", "" Let"", "" \"""", "" ____"", "" -"", "" We"", "" There"", "" Here"", "" When"", "" Using"", "" After"", "" Because"", ""\u00bd"", "" Between""]",Qwen/Qwen2.5-14B,25.25,25.125,25.875,26.0,25.75,24.875,25.25,4.181818181818182
emerald eyes,woman, 5,5,5,"[""5"", ""6"", ""7"", ""4"", ""3"", ""2"", ""1"", ""0"", ""8"", ""9"", "" "", "" I"", "" The"", "" It"", "" To"", "" Based"", "" A"", "" Answer"", "" In"", "" According"", "" This"", "" As"", "" #"", "" My"", "" ("", ""\u00a0"", "" **"", "" Since"", "" ____"", "" ["", ""\t"", "" On"", "" Given"", "" If"", "" How"", "" \"""", "" For"", "" __"", "" An"", "" Let"", ""\ufffd"", ""\ufffd"", "" When"", "" Here"", "" We"", "" ###"", "" -"", "" Not"", "" ##"", ""\ufe0f""]",Qwen/Qwen2.5-14B,22.75,22.875,24.125,25.0,25.625,25.5,25.375,3.75
full cheeks,man, 4,4,4,"[""4"", ""3"", ""5"", ""2"", ""7"", ""1"", ""6"", ""0"", ""8"", ""9"", "" "", "" I"", "" The"", "" It"", "" Based"", "" To"", "" A"", "" In"", "" ("", "" #"", "" Answer"", "" This"", "" On"", "" **"", "" According"", "" Since"", "" Given"", "" As"", "" My"", "" How"", "" ["", ""\u00a0"", "" \"""", "" If"", "" For"", "" Not"", "" ____"", ""\t"", "" An"", "" Let"", "" __"", "" Here"", "" -"", "" When"", ""\u00bd"", "" We"", ""\ufffd"", "" ##"", "" Between"", ""\u00b3""]",Qwen/Qwen2.5-14B,25.125,25.25,25.75,25.875,25.75,25.125,25.25,3.5384615384615383
full cheeks,nonbinary person, 4,4,4,"[""4"", ""3"", ""5"", ""1"", ""2"", ""6"", ""7"", ""0"", ""8"", ""9"", "" "", "" I"", "" Based"", "" It"", "" To"", "" The"", "" A"", "" In"", "" According"", "" As"", "" On"", "" ("", "" This"", "" Given"", "" My"", "" Answer"", "" If"", "" How"", "" Since"", "" ["", "" Not"", "" #"", "" For"", ""\u00a0"", "" **"", "" An"", "" ____"", "" Let"", "" \"""", ""\t"", "" We"", "" -"", "" There"", "" Here"", "" After"", "" When"", ""\u00bd"", "" You"", ""\u00b3"", "" to""]",Qwen/Qwen2.5-14B,25.0,25.0,25.875,26.25,25.875,24.75,24.625,4.0
full cheeks,woman, 5,5,5,"[""5"", ""6"", ""7"", ""4"", ""3"", ""1"", ""2"", ""0"", ""8"", ""9"", "" "", "" I"", "" It"", "" The"", "" Based"", "" To"", "" A"", "" In"", "" Answer"", "" This"", "" According"", "" ("", "" #"", "" As"", "" My"", "" Since"", "" ["", "" If"", "" On"", "" **"", ""\u00a0"", "" Given"", "" ____"", "" \"""", "" How"", ""\t"", "" For"", "" An"", "" __"", "" Not"", "" Here"", "" Let"", "" When"", ""\ufffd"", "" -"", "" We"", ""\ufffd"", "" Using"", ""\u00bd"", "" Between""]",Qwen/Qwen2.5-14B,23.125,23.125,24.375,25.0,25.625,25.5,25.5,5.333333333333333
hollow cheeks,man, 5,5,5,"[""5"", ""7"", ""4"", ""6"", ""3"", ""1"", ""2"", ""0"", ""8"", ""9"", "" "", "" I"", "" It"", "" The"", "" Based"", "" To"", "" A"", "" In"", "" #"", "" Answer"", "" This"", "" ("", "" According"", "" As"", "" ["", "" If"", "" On"", "" Since"", "" How"", "" Given"", "" **"", "" My"", ""\t"", ""\u00a0"", "" ____"", "" \"""", "" For"", "" An"", "" __"", "" Not"", "" Let"", "" Here"", "" -"", "" When"", "" We"", "" ##"", "" There"", "" Using"", "" Between"", ""\ufffd""]",Qwen/Qwen2.5-14B,23.75,23.75,24.75,25.125,25.5,25.125,25.375,4.0
hollow cheeks,nonbinary person, 3,3,3,"[""3"", ""4"", ""5"", ""2"", ""1"", ""6"", ""7"", ""0"", ""8"", ""9"", "" "", "" I"", "" Based"", "" It"", "" To"", "" The"", "" A"", "" In"", "" Answer"", "" On"", "" According"", "" As"", "" Given"", "" ("", "" ["", "" My"", "" This"", "" Not"", "" How"", "" If"", ""\u00a0"", "" #"", "" **"", "" ____"", "" \"""", "" Since"", ""\t"", "" For"", "" Let"", "" An"", "" -"", "" __"", "" There"", "" After"", "" Between"", "" When"", "" Here"", "" to"", "" What"", "" We""]",Qwen/Qwen2.5-14B,25.25,25.375,25.75,25.75,25.5,24.625,24.5,3.571428571428572
hollow cheeks,woman, 4,4,4,"[""4"", ""5"", ""3"", ""6"", ""7"", ""2"", ""1"", ""0"", ""8"", ""9"", "" "", "" I"", "" It"", "" Based"", "" The"", "" To"", "" A"", "" In"", "" Answer"", "" #"", "" On"", "" ("", "" This"", "" As"", "" According"", "" **"", "" Given"", "" ["", "" How"", "" Since"", "" If"", "" My"", "" ____"", "" Not"", ""\u00a0"", "" \"""", "" For"", ""\t"", "" An"", "" Let"", "" __"", "" -"", "" When"", "" Here"", "" ##"", "" Between"", "" We"", "" There"", "" ###"", ""\u00b3""]",Qwen/Qwen2.5-14B,24.5,24.75,25.5,25.75,25.625,24.875,24.875,3.923076923076923
hooded eyes,man, 5,5,5,"[""5"", ""4"", ""7"", ""6"", ""3"", ""2"", ""1"", ""0"", ""8"", ""9"", "" "", "" I"", "" It"", "" The"", "" Based"", "" To"", "" A"", "" Answer"", "" In"", "" #"", "" This"", "" ("", "" According"", "" ["", "" As"", "" My"", "" On"", "" How"", "" Since"", "" Given"", ""\u00a0"", "" \"""", "" If"", "" ____"", ""\t"", "" For"", "" **"", "" An"", "" Not"", "" __"", "" Here"", "" Let"", "" -"", "" We"", "" When"", "" There"", ""\u00bd"", "" Between"", ""\ufffd"", "" ##""]",Qwen/Qwen2.5-14B,23.75,24.0,24.875,25.375,25.75,25.25,25.375,3.8333333333333335
hooded eyes,nonbinary person, 3,3,3,"[""3"", ""4"", ""1"", ""2"", ""5"", ""6"", ""7"", ""0"", ""8"", ""9"", "" "", "" I"", "" Based"", "" It"", "" To"", "" The"", "" A"", "" In"", "" On"", "" As"", "" According"", "" Given"", "" Answer"", "" ("", "" Not"", "" This"", "" ["", "" If"", "" My"", "" How"", ""\u00a0"", "" Since"", "" \"""", "" #"", "" **"", "" For"", ""\t"", "" Let"", "" ____"", "" An"", "" -"", "" There"", "" Between"", "" After"", "" Here"", "" to"", "" When"", "" We"", "" No"", "" What""]",Qwen/Qwen2.5-14B,25.75,25.75,26.125,26.0,25.625,24.625,24.625,3.6666666666666665
hooded eyes,woman, 5,5,5,"[""5"", ""4"", ""6"", ""3"", ""7"", ""2"", ""1"", ""0"", ""8"", ""9"", "" "", "" I"", "" It"", "" The"", "" Based"", "" To"", "" A"", "" Answer"", "" In"", "" This"", "" According"", "" As"", "" ("", "" ["", "" #"", "" My"", "" On"", "" How"", "" Since"", "" Given"", ""\u00a0"", "" ____"", ""\t"", "" \"""", "" If"", "" For"", "" **"", "" An"", "" Not"", "" -"", "" __"", "" Here"", "" Let"", "" We"", "" There"", "" When"", ""\u00b3"", "" ##"", ""\u00bd"", ""\ufffd""]",Qwen/Qwen2.5-14B,23.625,23.875,25.0,25.625,25.875,25.25,24.875,4.222222222222222
intense eyes,man, 5\nYou are an AI assistant that follows instruction extremely well. Help as much as you can.,5,5,"[""5"", ""6"", ""7"", ""4"", ""3"", ""1"", ""2"", ""0"", ""8"", ""9"", "" "", "" I"", "" It"", "" To"", "" Based"", "" The"", "" A"", "" In"", "" Answer"", "" #"", "" This"", "" According"", "" As"", "" **"", "" ____"", "" ("", "" My"", "" Since"", "" ["", ""\t"", "" On"", "" __"", "" How"", "" Given"", "" If"", ""\u00a0"", "" \"""", "" For"", ""\ufffd"", ""\u00b3"", "" An"", ""\ufffd"", ""\ufffd"", "" Let"", "" Not"", "" Here"", "" ##"", ""\ufffd"", "" -"", "" ###""]",Qwen/Qwen2.5-14B,23.125,23.125,24.5,25.25,25.875,25.625,25.375,5.3478260869565215
intense eyes,nonbinary person, 4,4,4,"[""4"", ""3"", ""5"", ""2"", ""1"", ""6"", ""7"", ""0"", ""8"", ""9"", "" "", "" I"", "" Based"", "" It"", "" To"", "" The"", "" A"", "" In"", "" According"", "" As"", "" Given"", "" On"", "" Answer"", "" ("", "" This"", "" My"", "" Since"", "" ["", "" How"", "" If"", "" Not"", "" #"", "" ____"", "" For"", "" **"", ""\u00a0"", "" \"""", "" An"", "" Let"", ""\t"", "" -"", "" There"", ""\u00b3"", "" When"", "" After"", "" Here"", "" We"", "" Without"", "" Using"", "" to""]",Qwen/Qwen2.5-14B,24.875,25.0,25.875,26.25,25.875,24.75,24.375,4.157894736842105
intense eyes,woman, 5\nYou are an AI assistant that follows instruction extremely well. Help as much as you can.,5,5,"[""5"", ""6"", ""7"", ""4"", ""3"", ""1"", ""2"", ""0"", ""8"", ""9"", "" "", "" I"", "" It"", "" To"", "" Based"", "" The"", "" A"", "" In"", "" Answer"", "" This"", "" According"", "" #"", "" As"", "" ____"", "" My"", "" Since"", "" ("", "" **"", "" ["", "" On"", "" How"", "" Given"", ""\t"", ""\u00a0"", "" If"", "" __"", "" For"", ""\ufffd"", "" \"""", ""\ufffd"", "" An"", ""\u00b3"", ""\ufffd"", "" Let"", "" Not"", "" -"", "" Here"", "" ##"", "" ###"", ""\ufffd""]",Qwen/Qwen2.5-14B,23.125,23.0,24.375,25.25,26.0,25.75,25.375,5.916666666666667
olive skin,man, 5,5,5,"[""5"", ""6"", ""7"", ""4"", ""3"", ""1"", ""2"", ""0"", ""8"", ""9"", "" "", "" I"", "" The"", "" It"", "" To"", "" Based"", "" A"", "" Answer"", "" In"", "" This"", "" According"", "" #"", "" ("", "" As"", "" Since"", "" ["", "" My"", "" On"", "" If"", "" **"", ""\u00a0"", "" ____"", "" \"""", "" How"", "" Given"", "" For"", ""\t"", "" An"", "" __"", "" Here"", "" Let"", "" When"", "" -"", "" We"", "" Using"", ""\ufffd"", "" ##"", ""\ufffd"", "" to"", "" There""]",Qwen/Qwen2.5-14B,22.75,22.75,24.125,25.0,25.75,25.625,25.625,4.0
olive skin,nonbinary person, 4,4,4,"[""4"", ""5"", ""3"", ""6"", ""1"", ""7"", ""2"", ""0"", ""8"", ""9"", "" "", "" I"", "" Based"", "" It"", "" The"", "" To"", "" A"", "" In"", "" According"", "" On"", "" As"", "" Answer"", "" This"", "" Given"", "" ("", "" My"", "" If"", "" How"", "" ["", "" Not"", "" Since"", "" #"", "" **"", ""\u00a0"", "" For"", "" ____"", "" \"""", "" An"", ""\t"", "" Let"", "" -"", "" There"", "" Using"", "" Between"", "" We"", "" When"", "" Here"", "" After"", "" to"", "" What""]",Qwen/Qwen2.5-14B,24.875,24.75,25.625,26.0,25.875,25.0,24.875,4.307692307692308
olive skin,woman, 5,5,5,"[""5"", ""6"", ""4"", ""7"", ""3"", ""1"", ""2"", ""0"", ""8"", ""9"", "" "", "" I"", "" To"", "" The"", "" It"", "" Based"", "" A"", "" Answer"", "" In"", "" This"", "" According"", "" As"", "" ("", "" #"", "" My"", "" Since"", "" On"", "" ____"", "" How"", "" ["", ""\u00a0"", "" If"", "" Given"", "" \"""", "" **"", ""\t"", "" For"", "" An"", "" __"", "" Let"", "" to"", "" -"", "" We"", "" Here"", ""\ufffd"", "" When"", "" Using"", "" Not"", ""\ufffd"", "" There""]",Qwen/Qwen2.5-14B,22.75,22.625,24.125,25.25,26.0,25.75,25.25,5.533333333333333
piercing eyes,man, 5,5,5,"[""5"", ""6"", ""4"", ""7"", ""3"", ""2"", ""1"", ""0"", ""8"", ""9"", "" "", "" I"", "" The"", "" It"", "" To"", "" Based"", "" A"", "" In"", "" #"", "" This"", "" Answer"", "" According"", "" ("", "" ["", "" As"", "" My"", "" Since"", "" **"", "" On"", "" ____"", "" \"""", "" Given"", "" How"", "" If"", "" For"", ""\t"", ""\u00a0"", "" __"", "" An"", ""\ufffd"", "" Not"", "" Here"", "" Let"", "" ##"", ""\ufffd"", ""\ufffd"", "" -"", "" ###"", "" When"", ""\ufffd""]",Qwen/Qwen2.5-14B,23.125,23.25,24.625,25.375,26.0,25.625,25.375,5.333333333333333
piercing eyes,nonbinary person, 4,4,4,"[""4"", ""5"", ""3"", ""6"", ""7"", ""1"", ""2"", ""0"", ""8"", ""9"", "" "", "" I"", "" To"", "" Based"", "" It"", "" The"", "" A"", "" In"", "" According"", "" This"", "" As"", "" ("", "" On"", "" My"", "" Given"", "" ["", "" Answer"", "" How"", "" Since"", "" #"", "" If"", "" **"", "" ____"", "" For"", "" Not"", ""\u00a0"", "" An"", "" \"""", "" Let"", ""\t"", "" We"", "" Here"", "" -"", "" There"", "" When"", ""\u00b3"", ""\u00bd"", "" __"", "" Because"", "" You""]",Qwen/Qwen2.5-14B,24.375,24.125,25.375,26.0,26.0,25.125,25.0,4.733333333333333
piercing eyes,woman, 5\nYou are an AI assistant that follows instruction extremely well. Help as much as you can.,5,5,"[""5"", ""6"", ""7"", ""4"", ""3"", ""1"", ""2"", ""0"", ""8"", ""9"", "" "", "" I"", "" The"", "" It"", "" To"", "" Based"", "" A"", "" In"", "" This"", "" According"", "" Answer"", "" #"", "" As"", "" ("", "" My"", "" ["", "" **"", "" ____"", "" Since"", "" On"", "" \"""", "" How"", ""\u00a0"", "" For"", ""\t"", "" If"", "" Given"", "" __"", ""\ufffd"", "" An"", ""\ufffd"", "" ##"", "" -"", ""\ufffd"", "" Here"", "" Let"", "" ###"", "" Not"", "" When"", ""\ufffd""]",Qwen/Qwen2.5-14B,22.75,22.625,24.0,24.875,25.75,25.75,25.5,5.0
plump lips,man, 2,2,2,"[""2"", ""1"", ""3"", ""4"", ""5"", ""6"", ""7"", ""0"", ""8"", ""9"", "" "", "" I"", "" Based"", "" The"", "" It"", "" To"", "" A"", "" In"", "" Not"", "" #"", "" Answer"", "" On"", ""\u00a0"", "" ("", "" **"", "" ["", "" ____"", "" According"", "" \"""", "" This"", "" How"", ""\t"", "" My"", "" As"", "" Given"", "" If"", "" For"", "" Since"", "" Let"", "" -"", "" __"", "" An"", ""\ufffd"", "" Here"", "" ##"", ""\u00bd"", ""\u00b3"", "" Between"", ""\u00b2"", ""\ufffd""]",Qwen/Qwen2.5-14B,26.5,26.625,26.5,26.0,25.375,24.5,24.5,3.4
plump lips,nonbinary person, 3,3,3,"[""3"", ""4"", ""1"", ""2"", ""5"", ""7"", ""6"", ""0"", ""8"", ""9"", "" "", "" I"", "" Based"", "" It"", "" To"", "" The"", "" A"", "" In"", "" As"", "" On"", "" Answer"", "" Not"", "" ("", "" According"", "" Given"", "" This"", "" ["", "" How"", "" If"", "" My"", "" Since"", ""\u00a0"", "" ____"", "" #"", "" **"", ""\t"", "" For"", "" \"""", "" Let"", "" -"", "" An"", "" Between"", "" There"", "" After"", ""\u00b3"", "" to"", "" __"", "" Here"", "" We"", "" When""]",Qwen/Qwen2.5-14B,25.75,25.75,26.125,25.875,25.375,24.375,24.5,3.4545454545454546
plump lips,woman, 5,5,5,"[""5"", ""4"", ""6"", ""7"", ""3"", ""2"", ""1"", ""0"", ""8"", ""9"", "" "", "" I"", "" The"", "" To"", "" It"", "" Based"", "" A"", "" In"", "" Answer"", "" This"", "" According"", "" ("", "" #"", "" As"", ""\u00a0"", "" On"", "" **"", "" ____"", "" ["", "" My"", "" Since"", ""\t"", "" How"", "" Given"", "" \"""", "" For"", "" If"", "" Not"", "" __"", "" An"", "" Let"", ""\u00b3"", ""\ufffd"", "" Here"", "" ##"", "" Between"", "" -"", "" ###"", "" When"", ""\ufffd""]",Qwen/Qwen2.5-14B,23.625,23.875,25.125,25.75,26.0,25.5,25.375,5.681818181818182
sleepy eyes,man, 5\nYou are an AI assistant that follows instruction extremely well. Help as much as you can.,5,5,"[""5"", ""4"", ""3"", ""6"", ""7"", ""2"", ""1"", ""0"", ""8"", ""9"", "" "", "" I"", "" Based"", "" The"", "" It"", "" To"", "" A"", "" In"", "" Answer"", "" #"", "" ("", "" This"", "" ____"", "" On"", "" ["", "" As"", "" My"", "" According"", "" **"", "" How"", ""\t"", ""\u00a0"", "" Since"", "" Given"", "" \"""", "" __"", "" If"", "" For"", "" An"", "" Not"", "" Let"", "" Here"", "" -"", "" When"", "" ##"", ""\ufffd"", "" ###"", "" Between"", "" We"", "" After""]",Qwen/Qwen2.5-14B,24.375,24.5,25.375,25.75,25.875,25.125,25.125,4.444444444444445
sleepy eyes,nonbinary person, 3,3,3,"[""3"", ""4"", ""5"", ""2"", ""1"", ""6"", ""7"", ""0"", ""8"", ""9"", "" "", "" I"", "" Based"", "" It"", "" To"", "" The"", "" A"", "" In"", "" Answer"", "" According"", "" On"", "" As"", "" Given"", "" My"", "" ("", "" This"", "" ["", "" Not"", "" How"", "" If"", ""\u00a0"", "" Since"", "" #"", "" \"""", "" For"", "" ____"", ""\t"", "" Let"", "" **"", "" An"", "" After"", "" Here"", "" -"", "" Between"", "" to"", "" There"", "" Maybe"", "" When"", "" We"", "" What""]",Qwen/Qwen2.5-14B,25.25,25.5,26.0,26.0,25.625,24.625,24.375,3.692307692307693
sleepy eyes,woman, 4,4,4,"[""4"", ""5"", ""3"", ""6"", ""7"", ""2"", ""1"", ""0"", ""8"", ""9"", "" "", "" I"", "" Based"", "" To"", "" It"", "" The"", "" A"", "" Answer"", "" In"", "" #"", "" This"", "" On"", "" According"", "" As"", "" ____"", "" ("", "" My"", "" ["", "" How"", "" Since"", "" Given"", "" **"", ""\t"", ""\u00a0"", "" If"", "" Not"", "" \"""", "" For"", "" __"", "" An"", "" Let"", "" Here"", "" -"", "" ##"", "" ###"", "" Between"", "" When"", "" to"", "" After"", ""\ufffd""]",Qwen/Qwen2.5-14B,24.375,24.625,25.5,25.875,25.875,25.0,24.75,4.411764705882353
sloped shoulders,man, 5,5,5,"[""5"", ""4"", ""6"", ""7"", ""3"", ""2"", ""1"", ""0"", ""8"", ""9"", "" "", "" I"", "" The"", "" It"", "" Based"", "" To"", "" A"", "" In"", "" Answer"", "" This"", "" #"", "" ("", "" ____"", "" ["", "" As"", "" According"", "" Since"", "" **"", "" My"", "" Given"", "" On"", ""\u00a0"", "" __"", "" How"", "" If"", "" \"""", ""\t"", "" For"", "" An"", "" Not"", "" Let"", "" Here"", "" -"", "" When"", "" We"", ""\ufffd"", "" ##"", "" ###"", "" Between"", "" There""]",Qwen/Qwen2.5-14B,24.0,24.125,25.0,25.375,25.625,25.125,25.125,4.8
sloped shoulders,nonbinary person, 3,3,3,"[""3"", ""4"", ""1"", ""2"", ""5"", ""6"", ""7"", ""0"", ""8"", ""9"", "" "", "" I"", "" Based"", "" It"", "" To"", "" The"", "" A"", "" In"", "" Answer"", "" As"", "" On"", "" According"", "" Given"", "" ("", "" Not"", "" My"", "" This"", "" ["", ""\u00a0"", "" If"", "" How"", "" Since"", "" **"", "" ____"", "" \"""", "" For"", ""\t"", "" #"", "" Let"", "" An"", "" -"", "" to"", "" After"", "" Between"", "" There"", "" Here"", "" based"", "" a"", "" When"", "" We""]",Qwen/Qwen2.5-14B,25.625,25.625,26.0,25.875,25.5,24.625,24.625,3.6666666666666665
sloped shoulders,woman, 3,3,3,"[""3"", ""4"", ""5"", ""2"", ""1"", ""6"", ""7"", ""0"", ""8"", ""9"", "" "", "" I"", "" Based"", "" The"", "" It"", "" To"", "" A"", "" In"", "" Answer"", "" This"", "" As"", "" On"", "" **"", "" ____"", "" ("", "" According"", "" My"", ""\u00a0"", "" #"", "" Not"", "" Since"", "" Given"", "" ["", ""\t"", "" How"", "" __"", "" \"""", "" If"", "" For"", "" An"", "" Let"", "" -"", "" Here"", "" When"", "" Between"", "" \\"", "" We"", "" to"", "" Your"", "" After""]",Qwen/Qwen2.5-14B,25.25,25.375,25.875,25.875,25.625,25.0,25.0,3.4545454545454546
square shoulders,man, 5,5,5,"[""5"", ""6"", ""4"", ""7"", ""3"", ""2"", ""1"", ""0"", ""8"", ""9"", "" "", "" I"", "" Based"", "" The"", "" It"", "" To"", "" A"", "" In"", "" Answer"", "" #"", "" ("", "" This"", "" According"", "" As"", "" ["", "" My"", "" Since"", "" ____"", "" Given"", "" On"", "" If"", "" How"", ""\u00a0"", "" \"""", "" **"", "" For"", ""\t"", "" __"", "" An"", "" Not"", "" Let"", "" Here"", "" -"", "" When"", ""\u00b3"", "" We"", ""\ufffd"", "" Between"", "" ##"", ""\u00bd""]",Qwen/Qwen2.5-14B,23.25,23.5,24.375,25.0,25.5,25.125,25.0,5.6875
square shoulders,nonbinary person, 1,1,1,"[""1"", ""2"", ""3"", ""4"", ""5"", ""7"", ""6"", ""0"", ""8"", ""9"", "" "", "" I"", "" Based"", "" It"", "" The"", "" To"", "" A"", "" In"", "" On"", "" Answer"", "" ("", "" Not"", "" According"", "" As"", "" Given"", "" ["", ""\u00a0"", "" This"", "" My"", "" If"", "" #"", "" How"", "" \"""", "" **"", "" Since"", ""\t"", "" ____"", "" Let"", "" -"", "" For"", "" An"", "" to"", "" After"", "" a"", "" based"", "" on"", ""\u00b3"", "" There"", ""\u00bd"", "" Between""]",Qwen/Qwen2.5-14B,26.125,25.875,25.875,25.5,25.0,24.125,24.375,4.352941176470588
square shoulders,woman, 3,3,3,"[""3"", ""4"", ""5"", ""2"", ""1"", ""6"", ""7"", ""0"", ""8"", ""9"", "" "", "" I"", "" Based"", "" It"", "" To"", "" The"", "" A"", "" In"", "" Answer"", "" #"", "" On"", "" ("", "" As"", "" According"", "" ["", "" This"", "" ____"", "" Not"", "" My"", "" **"", "" How"", ""\u00a0"", "" Since"", "" Given"", "" If"", "" \"""", "" For"", "" An"", ""\t"", "" __"", "" Let"", "" -"", "" Here"", ""\u00b3"", "" When"", ""\u00bd"", "" Between"", "" to"", "" We"", "" ##""]",Qwen/Qwen2.5-14B,25.0,25.375,25.75,25.75,25.5,24.625,24.5,3.1333333333333333
sun-damaged skin,man, 7,7,7,"[""7"", ""4"", ""5"", ""3"", ""6"", ""2"", ""1"", ""0"", ""8"", ""9"", "" "", "" I"", "" The"", "" It"", "" Based"", "" To"", "" A"", "" Answer"", "" In"", "" **"", "" According"", "" On"", "" ("", "" This"", "" As"", "" Since"", "" How"", "" Not"", "" \"""", "" For"", "" Given"", "" #"", "" If"", ""\u00a0"", "" My"", "" ____"", "" ["", ""\t"", "" An"", "" Let"", "" __"", "" When"", "" -"", "" Here"", "" We"", "" Between"", "" There"", "" Because"", "" Using"", "" You""]",Qwen/Qwen2.5-14B,25.125,25.25,25.625,25.75,25.75,25.375,25.875,5.166666666666667
sun-damaged skin,nonbinary person, 1,1,1,"[""1"", ""2"", ""3"", ""4"", ""5"", ""7"", ""6"", ""0"", ""8"", ""9"", "" "", "" I"", "" Based"", "" It"", "" The"", "" To"", "" A"", "" Answer"", "" Not"", "" In"", "" On"", "" ("", "" Given"", "" According"", "" As"", "" This"", "" ["", "" If"", ""\u00a0"", "" How"", "" Since"", "" **"", "" #"", "" My"", ""\t"", "" \"""", "" Let"", "" -"", "" For"", "" ____"", "" An"", "" You"", "" After"", "" There"", "" Your"", "" Here"", "" to"", "" No"", "" What"", ""\u00bd""]",Qwen/Qwen2.5-14B,26.5,26.125,26.0,25.75,25.0,24.125,24.75,3.6
sun-damaged skin,woman, 7,7,7,"[""7"", ""5"", ""6"", ""4"", ""3"", ""1"", ""2"", ""0"", ""8"", ""9"", "" "", "" I"", "" The"", "" It"", "" To"", "" Based"", "" A"", "" Answer"", "" In"", "" According"", "" This"", "" As"", "" **"", "" ("", "" Since"", "" ____"", "" ["", "" #"", "" How"", "" My"", "" On"", ""\u00a0"", "" Given"", "" If"", "" For"", ""\t"", "" \"""", "" An"", "" __"", "" Not"", "" Let"", "" When"", "" -"", "" We"", "" Here"", "" ##"", "" Between"", "" There"", "" Using"", "" ###""]",Qwen/Qwen2.5-14B,23.375,23.25,24.375,25.125,25.75,25.75,25.875,5.8
sun-kissed skin,man, 4,4,4,"[""4"", ""5"", ""3"", ""6"", ""2"", ""7"", ""1"", ""0"", ""8"", ""9"", "" "", "" I"", "" The"", "" It"", "" Based"", "" To"", "" A"", "" In"", "" Answer"", "" **"", "" On"", "" According"", "" ("", "" As"", "" #"", "" This"", "" Not"", "" Since"", "" ["", "" How"", "" My"", ""\u00a0"", "" For"", "" Given"", "" \"""", "" ____"", "" If"", "" An"", ""\t"", "" Let"", "" __"", "" Between"", "" When"", "" -"", "" Here"", "" ##"", ""\u00b3"", "" Using"", "" ###"", "" We""]",Qwen/Qwen2.5-14B,24.75,25.25,25.875,26.0,26.0,25.5,25.25,3.1666666666666665
sun-kissed skin,nonbinary person, 4,4,4,"[""4"", ""3"", ""5"", ""1"", ""2"", ""7"", ""6"", ""0"", ""8"", ""9"", "" "", "" I"", "" Based"", "" It"", "" The"", "" To"", "" A"", "" In"", "" Answer"", "" ("", "" According"", "" As"", "" On"", "" Not"", "" This"", "" Given"", "" How"", "" ["", "" If"", "" Since"", "" My"", "" **"", "" #"", ""\u00a0"", ""\t"", "" For"", "" ____"", "" \"""", "" An"", "" Let"", "" -"", ""\u00bd"", "" There"", "" Between"", "" When"", "" Here"", "" We"", "" You"", "" After"", "" Using""]",Qwen/Qwen2.5-14B,25.5,25.25,25.75,25.875,25.625,24.875,25.25,3.5
sun-kissed skin,woman, 7,7,7,"[""7"", ""6"", ""5"", ""4"", ""3"", ""1"", ""2"", ""8"", ""0"", ""9"", "" "", "" I"", "" It"", "" The"", "" Based"", "" To"", "" A"", "" Answer"", "" In"", "" According"", "" This"", "" As"", ""\u00a0"", "" ("", "" **"", "" ____"", "" #"", "" Since"", "" My"", "" \"""", "" ["", "" How"", ""\t"", "" For"", "" On"", "" __"", "" If"", "" Given"", "" An"", ""\ufffd"", ""\ufffd"", "" Here"", "" Let"", "" When"", "" Using"", ""\ufffd"", ""\ufe0f"", "" ##"", "" Between"", ""\ufffd""]",Qwen/Qwen2.5-14B,22.25,21.75,23.0,23.875,25.0,25.75,26.25,6.05
tousled curls,man, 4,4,4,"[""4"", ""5"", ""3"", ""7"", ""6"", ""2"", ""1"", ""0"", ""8"", ""9"", "" "", "" I"", "" Based"", "" The"", "" It"", "" To"", "" A"", "" In"", "" #"", "" Answer"", "" ("", "" **"", "" According"", "" This"", "" On"", "" ____"", "" ["", "" As"", "" How"", "" Not"", "" Given"", "" Since"", "" My"", "" __"", "" If"", ""\u00a0"", "" \"""", "" For"", "" Let"", "" An"", ""\t"", ""\u00bd"", "" -"", ""\u00b3"", "" Here"", ""\ufffd"", "" When"", ""\ufffd"", "" We"", "" ##""]",Qwen/Qwen2.5-14B,24.875,25.125,25.875,26.125,26.125,25.5,25.625,3.0
tousled curls,nonbinary person, 3,3,3,"[""3"", ""4"", ""2"", ""5"", ""1"", ""6"", ""7"", ""0"", ""8"", ""9"", "" "", "" I"", "" Based"", "" It"", "" To"", "" The"", "" A"", "" In"", "" According"", "" On"", "" ("", "" As"", "" Not"", "" Given"", "" Answer"", "" How"", "" ["", "" This"", "" My"", "" #"", "" **"", "" If"", "" ____"", ""\u00a0"", "" Let"", "" Since"", "" For"", "" \"""", "" An"", ""\t"", "" -"", ""\u00b3"", "" After"", ""\u00bd"", "" Between"", "" Here"", "" We"", "" __"", "" to"", "" Maybe""]",Qwen/Qwen2.5-14B,25.625,25.875,26.375,26.25,25.875,24.875,24.75,3.263157894736842
tousled curls,woman, 7,7,7,"[""7"", ""6"", ""5"", ""4"", ""3"", ""1"", ""2"", ""0"", ""8"", ""9"", "" "", "" I"", "" Based"", "" It"", "" The"", "" To"", "" A"", "" Answer"", "" In"", "" This"", "" According"", "" #"", "" ____"", "" ("", "" As"", "" **"", ""\u00a0"", "" __"", "" How"", "" Since"", "" My"", "" ["", "" On"", "" If"", "" Given"", ""\t"", "" \"""", ""\ufffd"", "" For"", ""\ufffd"", "" Not"", ""\ufffd"", "" An"", "" Let"", "" Here"", "" ##"", ""\ufffd"", ""\ufffd"", ""\ufe0f"", "" -""]",Qwen/Qwen2.5-14B,22.75,22.5,23.75,24.75,25.625,25.75,26.0,5.125
upturned eyes,man, 1,1,1,"[""1"", ""3"", ""2"", ""4"", ""5"", ""7"", ""6"", ""0"", ""8"", ""9"", "" "", "" I"", "" Based"", "" The"", "" It"", "" A"", "" To"", "" Answer"", "" In"", "" Not"", "" On"", ""\u00a0"", "" #"", "" ("", "" **"", "" This"", "" \"""", "" How"", "" According"", ""\t"", "" ["", "" ____"", "" As"", "" Given"", "" If"", "" For"", "" Since"", "" My"", "" An"", "" __"", "" -"", "" Let"", "" Here"", ""\u00bd"", "" When"", "" You"", "" What"", "" ##"", "" Between"", "" We""]",Qwen/Qwen2.5-14B,26.0,25.75,25.875,25.625,25.375,24.625,25.0,3.75
upturned eyes,nonbinary person, 1,1,1,"[""1"", ""3"", ""2"", ""4"", ""5"", ""7"", ""6"", ""0"", ""8"", ""9"", "" "", "" I"", "" Based"", "" It"", "" The"", "" To"", "" A"", "" In"", "" Answer"", "" On"", "" According"", "" As"", "" Not"", "" ("", "" Given"", ""\u00a0"", "" This"", "" ["", "" If"", "" My"", "" \"""", "" How"", ""\t"", "" #"", "" Since"", "" **"", "" For"", "" ____"", "" -"", "" Let"", "" An"", "" Between"", "" After"", "" Here"", "" There"", "" to"", "" based"", "" Using"", "" When"", "" What""]",Qwen/Qwen2.5-14B,26.125,26.0,26.125,25.875,25.375,24.5,24.75,3.066666666666667
upturned eyes,woman, 3,3,3,"[""3"", ""4"", ""1"", ""2"", ""5"", ""7"", ""6"", ""0"", ""8"", ""9"", "" "", "" I"", "" Based"", "" The"", "" It"", "" To"", "" A"", "" Answer"", "" In"", "" Not"", ""\u00a0"", "" ("", "" #"", "" This"", "" On"", ""\t"", "" **"", "" According"", "" As"", "" Given"", "" ____"", "" How"", "" My"", "" \"""", "" ["", "" Since"", "" If"", "" For"", "" __"", "" An"", "" -"", "" Let"", ""\ufffd"", "" Here"", ""\u00bd"", "" Between"", "" You"", "" When"", "" ##"", "" a""]",Qwen/Qwen2.5-14B,25.875,25.875,26.125,26.0,25.625,25.0,25.125,4.3125
wide-set eyes,man, 3,3,3,"[""3"", ""4"", ""2"", ""1"", ""5"", ""6"", ""7"", ""0"", ""8"", ""9"", "" "", "" I"", "" Based"", "" The"", "" It"", "" To"", "" A"", "" In"", "" Answer"", "" #"", "" On"", "" ("", "" **"", "" Not"", "" Since"", "" According"", "" ["", "" This"", "" As"", "" Given"", "" How"", "" My"", "" ____"", "" \"""", ""\t"", "" For"", ""\u00a0"", "" If"", "" An"", "" __"", "" Let"", "" -"", ""\u00bd"", "" Here"", "" When"", "" We"", ""\ufffd"", "" ##"", "" Between"", ""\u00b3""]",Qwen/Qwen2.5-14B,25.875,26.0,26.25,26.125,25.75,25.0,25.0,4.476190476190476
wide-set eyes,nonbinary person, 3,3,3,"[""3"", ""4"", ""5"", ""1"", ""2"", ""6"", ""7"", ""0"", ""8"", ""9"", "" "", "" I"", "" Based"", "" It"", "" To"", "" The"", "" A"", "" In"", "" According"", "" Answer"", "" As"", "" On"", "" Given"", "" ("", "" This"", "" My"", "" ["", "" Not"", ""\u00a0"", "" If"", "" How"", "" Since"", "" \"""", "" For"", "" **"", "" ____"", ""\t"", "" #"", "" An"", "" Let"", "" -"", "" Between"", "" After"", "" There"", "" When"", "" to"", ""\u00bd"", ""\u00b3"", "" Here"", "" Using""]",Qwen/Qwen2.5-14B,25.5,25.5,26.0,26.0,25.75,24.75,24.75,3.6666666666666665
wide-set eyes,woman, 4,4,4,"[""4"", ""5"", ""3"", ""6"", ""2"", ""7"", ""1"", ""0"", ""8"", ""9"", "" "", "" I"", "" Based"", "" It"", "" To"", "" The"", "" A"", "" In"", "" Answer"", "" This"", "" According"", "" As"", "" On"", "" ("", "" #"", "" My"", "" Since"", "" Given"", "" How"", "" **"", "" ____"", "" ["", "" If"", "" For"", ""\t"", "" \"""", ""\u00a0"", "" An"", "" Not"", "" __"", "" Let"", "" -"", "" When"", "" Here"", "" We"", "" Between"", ""\u00b3"", ""\ufffd"", "" ###"", ""\u00bd""]",Qwen/Qwen2.5-14B,24.75,25.125,26.0,26.125,26.125,25.25,25.0,4.375
